date,steps,calories,distance,activity_id
1970-02-22,200.0,4076506,15000.0,9b97dbbe68966a09
1970-02-22,200.0,354844,0.0,946e3f806baf80c8
1970-02-22,200.0,9562481,5459000.0,0a73c872a5f14408
1970-02-22,200.0,2424988,1000.0,7a95b30d619be9bf
1970-02-22,200.0,644854,0.0,08cf91f93876e4fc
1970-02-22,200.0,4955377,158000.0,711d692f0574184b
1970-02-22,200.0,8004444,0.0,2fc2c1a2248b0b38
1970-02-22,200.0,9251150,17000.0,b10e842866433f7d
1970-02-22,200.0,231449,0.0,dc2811048a2307f6
1970-02-22,200.0,188761,0.0,c3557e904402e033
1970-02-22,200.0,545872,0.0,830ca26a6508b7a3
1970-02-22,200.0,3685894,7000.0,a36e6d4e17aca7ae
1970-02-22,200.0,1431223,0.0,5314104c660499a1
1970-02-22,200.0,886574,0.0,5de17aebd799a6b7
1970-02-22,200.0,0,0.0,3338e02e05c17137
1970-02-22,200.0,2862498,0.0,64607b4772a72733
1970-02-22,200.0,14598904,263000.0,fcb59ec58804ceb0
1970-02-22,200.0,4750126,81000.0,d8720fb7ebd0b1e1
1970-02-22,200.0,5372151,24000.0,fbb2e7d0a8a48e4a
1970-02-22,200.0,7953928,97000.0,32b1929729931a6b
1970-02-22,200.0,1412947,0.0,12bb1e9751922741
1970-02-22,200.0,4593258,0.0,5455b773dbf6ae19
1970-02-22,200.0,509314,0.0,fb664fc1a1d97b3b
1970-02-22,200.0,4135072,164000.0,c01024156830e732
1970-02-22,200.0,4135072,164000.0,c01024156830e732
1970-02-22,200.0,465566,0.0,d10690f2b37d7fb2
1970-02-22,200.0,3604611,0.0,2ad85600589e578f
1970-02-22,200.0,11750576,4556000.0,c1082ba08afaeafe
1970-02-22,200.0,338836,0.0,8d6081b35f405a68
1970-02-22,200.0,460229,0.0,a7756981c6616be4
1970-02-22,200.0,3168575,0.0,4ea7945265645500
1970-02-22,200.0,4142940,0.0,8475d466f46f1153
1970-02-22,200.0,3541890,89000.0,2535397b2fac960e
1970-02-22,200.0,9414515,232000.0,f73bc73d2d99922d
1970-02-22,200.0,16096233,4301000.0,8bb8837785fd21c8
1970-02-22,200.0,1082511,0.0,3a7b40f6c3dac983
1970-02-22,200.0,1524251,0.0,4529525f22d80f70
1970-02-22,200.0,13165944,350000.0,da578a521047985c
1970-02-22,200.0,6147267,68000.0,334bfee86672710f
1970-02-22,200.0,501182,0.0,6e9cc94a60bbc10c
1970-02-22,200.0,1703038,0.0,e1de54baab1c0b58
1970-02-22,200.0,797595,0.0,a3d6aa68df84afa3
1970-02-22,200.0,572415,0.0,8b75ef81fed7448f
1970-02-22,200.0,178089,0.0,afea47ce2fe61027
1970-02-22,200.0,112056,0.0,3ef240d283ca792d
1970-02-22,200.0,318159,0.0,edfca122de7afea8
1970-02-22,200.0,1019330,0.0,61683c08a2386cac
1970-02-22,200.0,3044308,4000.0,348333c8959a4172
1970-02-22,200.0,304819,0.0,df067924bb2c982a
1970-02-22,200.0,550271,0.0,14e51c1580d48f2d
1970-02-22,200.0,339503,0.0,37aa4ef193b480ce
1970-02-22,200.0,9172952,4380000.0,98f54bf3bf717b78
1970-02-22,200.0,10591048,3883000.0,b1cfaa877a96b31c
1970-02-22,200.0,4759842,38000.0,aac7ae6a837a03c1
1970-02-22,200.0,13987341,4831000.0,cc5c153dc5d139a6
1970-02-22,200.0,4317808,6000.0,735d76ba02e07c96
1970-02-22,200.0,170885,0.0,b71b320d01965a77
1970-02-22,200.0,649251,0.0,a4f06668c477a24d
1970-02-22,200.0,11280091,5965000.0,3a8c5030c91e349a
1970-02-22,200.0,4696092,87000.0,fbfe35dbb103fa1b
1970-02-22,200.0,11083355,5317000.0,923b5a00fd027a4b
1970-02-22,200.0,12389973,4011000.0,9f3605c996a45a68
1970-02-22,200.0,4814529,56000.0,e6c02094719229fc
1970-02-22,200.0,6223567,26000.0,690b30e9cb78e43a
1970-02-22,200.0,11756167,3881000.0,54208bad95d12313
1970-02-22,200.0,7272582,107000.0,9b602e04614fdf7d
1970-02-22,200.0,2766325,18000.0,87abef6ad4583f9b
1970-02-22,200.0,372182,0.0,3661efca44089d38
1970-02-22,200.0,15249872,4172000.0,e1c65807950a5b43
1970-02-22,200.0,4243658,0.0,83f9d336eeb0c3d5
1970-02-22,200.0,324295,0.0,eb292927ee22504e
1970-02-22,200.0,13871736,3861000.0,51e9ecc1fb85589b
1970-02-22,200.0,6395761,100000.0,4e1b2d79b7bec5c8
1970-02-22,200.0,3253821,1000.0,af372bf930b95016
1970-02-22,200.0,11908420,5931000.0,254943ee7cb4e3f2
1970-02-22,200.0,507974,0.0,d066f364d2dd253d
1970-02-22,200.0,5210307,0.0,c7d2f8d7c44820e4
1970-02-22,200.0,0,0.0,dd255c248fad1207
1970-02-22,200.0,24679,0.0,f71857cd9579fb8e
1970-02-22,200.0,514924,0.0,1d44c965055d1458
1970-02-22,200.0,9855013,278000.0,734cbad128d21834
1970-02-22,200.0,669668,0.0,4434e1963d08bbaf
1970-02-22,200.0,1072000,0.0,4d29dfd9723b744b
1970-02-22,200.0,5673981,75000.0,91c08285d3416fa5
1970-02-22,200.0,12296856,4608000.0,05d434fe8080929e
1970-02-22,200.0,579989,0.0,9c668691efb2481a
1970-02-22,200.0,177955,0.0,6090e661a07a1086
1970-02-22,200.0,1938958,0.0,ad471135af295bea
1970-02-22,200.0,5211915,0.0,f127b8e8e73563dd
1970-02-22,200.0,4579977,0.0,de1b87e587e44ec0
1970-02-22,200.0,2202976,0.0,dd06eba2a0c77582
1970-02-22,200.0,5296473,0.0,fe8341b6b58dae54
1970-02-22,200.0,273870,0.0,842fa576ae8cfeed
1970-02-22,200.0,2164404,0.0,6fc650403c044a4f
1970-02-22,200.0,3409766,0.0,71ce35e3ce36326b
1970-02-22,200.0,9504198,0.0,19685096ae97f9f6
1970-02-22,200.0,4142035,0.0,5ddb5b6e9dc50f2b
1970-02-22,200.0,11641875,3320000.0,124be4d5a80ddbdb
1970-02-22,200.0,6784808,163000.0,e57d793efa88c5d7
1970-02-22,200.0,2122609,0.0,71a992b916cc836e
1970-02-22,200.0,11680314,6129000.0,170170055efd475c
1970-02-22,200.0,190762,0.0,2d6158c7a3df103c
1970-02-22,200.0,2690174,89000.0,9b9371374c32cc3f
1970-02-22,200.0,233450,0.0,e1f90570af288a08
1970-02-22,200.0,3809453,0.0,5dca621cf0525ae8
1970-02-22,200.0,14513463,0.0,2e8e56888fd19ab1
1970-02-22,200.0,10877394,0.0,7372bca77103685b
1970-02-22,200.0,641654,0.0,a9cc313d9900fad9
1970-02-22,200.0,3525905,0.0,48e0f0ac33fb3255
1970-02-22,200.0,11411441,0.0,a7f2589ce3af366a
1970-02-22,200.0,314290,0.0,3cb3a52c703cca61
1970-02-22,200.0,1457970,0.0,7fa7f3de599efadf
1970-02-22,200.0,5561902,0.0,df9fe931893fa558
1970-02-22,200.0,7864235,0.0,99cbc805b8402baa
1970-02-22,200.0,13730245,0.0,1d3b57a5dd277dfd
1970-02-22,200.0,367648,0.0,430ee7df067c43ca
1970-02-22,200.0,13866029,0.0,7ff019e531d272b4
1970-02-22,200.0,7181248,0.0,2921aac85da35e14
1970-02-22,200.0,845696,0.0,ae508b1b784e39b4
1970-02-22,200.0,297579,0.0,12e89b3e8bf66a3d
1970-02-22,200.0,2445586,0.0,00b5f9c32b97a9d3
1970-02-22,200.0,12704848,5411000.0,82884d7deb4a6dad
1970-02-22,200.0,5189365,7000.0,9f4359967858ac03
1970-02-22,200.0,6729769,42000.0,86a3bd001df29e36
1970-02-22,200.0,848866,0.0,b0213a47a1e77b72
1970-02-22,200.0,246790,0.0,987805622f6569c7
1970-02-22,200.0,870102,0.0,44936b9dfef0dd2a
1970-02-22,200.0,1240245,0.0,8cd97c81c31687d7
1970-02-22,200.0,3578852,0.0,84a025e66ab2de39
1970-02-22,200.0,167417,0.0,a25da49c88be036a
1970-02-22,200.0,20577765,232000.0,21dbc81a58201c81
1970-02-22,200.0,6723626,1320000.0,6a80f66026db1dcc
1970-02-22,200.0,2958740,31000.0,5c5aa78b6263119c
1970-02-22,200.0,1749041,0.0,3dd8e91b751950b8
1970-02-22,200.0,6698436,130000.0,82c8e45427f43dd7
1970-02-22,200.0,3017869,0.0,4e002e4a216dc691
1970-02-22,200.0,1904383,0.0,81cca3a9ffa91f71
1970-02-22,200.0,2412500,0.0,037998aa2855ddab
1970-02-22,200.0,13763044,4121000.0,66536163dcd107d2
1970-02-22,200.0,392431,0.0,ab20e24cd23774e0
1970-02-22,200.0,150742,0.0,f1f19f54c7e1c246
1970-02-22,200.0,2441475,0.0,33c33e55579117f7
1970-02-22,200.0,793730,0.0,927ff49b77483242
1970-02-22,200.0,677002,0.0,014883890f7b8523
1970-02-22,200.0,189428,0.0,19487189032c6656
1970-02-22,200.0,288144,0.0,8c979d344d064efb
1970-02-22,200.0,498219,0.0,4165252eea7f143e
1970-02-22,200.0,964450,0.0,dff50346530c7be0
1970-02-22,200.0,1744144,0.0,c89c92e28a49032c
1970-02-22,200.0,815337,0.0,635bb73add242a00
1970-02-22,200.0,456228,0.0,19e9577771b4c301
1970-02-22,200.0,18423948,5358000.0,bee80bd7895070e9
1970-02-22,200.0,15666138,5520000.0,7d1d43211e1b91fa
1970-02-22,200.0,6971183,284000.0,38b41a18a992c4a2
1970-02-22,200.0,13696619,77000.0,ca0aaf20f2a43a98
1970-02-22,200.0,2505611,0.0,88ca750a5bc56438
1970-02-22,200.0,17077963,148000.0,86b36c0e9d197c0b
1970-02-22,200.0,14972046,187000.0,66417e34a8ff2cbf
1970-02-22,200.0,10514117,37000.0,e70421595977bd3e
1970-02-22,200.0,864027,0.0,096f17cd0599063d
1970-02-22,200.0,10416111,3640000.0,250ae58154a6cb35
1970-02-22,200.0,13395503,4243000.0,b53777391603d9f0
1970-02-22,200.0,12420021,4750000.0,374ddcf4dc48ba15
1970-02-22,200.0,848080,1000.0,f3c486b9c5f2cb5b
1970-02-22,200.0,17882071,5110000.0,c24a0311e63993f9
1970-02-22,200.0,7465482,53000.0,b8a310a6ebc0eb0b
1970-02-22,200.0,8028300,222000.0,5b860455c3b89835
1970-02-22,200.0,10914732,126000.0,c5bc3a5f647f23bd
1970-02-22,200.0,624132,0.0,47e9de4cc2c70fd3
1970-02-22,200.0,0,0.0,87028981db3faead
1970-02-22,200.0,16314752,8033000.0,030a01c70bf65309
1970-02-22,200.0,351212,0.0,af4d502a41eee43b
1970-02-22,200.0,9034375,232000.0,9565c7b0ea457b1f
1970-02-22,200.0,6644940,90000.0,848348ac622b4022
1970-02-22,200.0,7355888,23000.0,fe748aca398d6960
1970-02-22,200.0,178756,0.0,2e55f9df2b0545c2
1970-02-22,200.0,4799347,47000.0,eef942490061a342
1970-02-22,200.0,17401524,4898000.0,447a073fac001ddf
1970-02-22,200.0,3033048,0.0,9e9de63a3ad4ad23
1970-02-22,200.0,7902426,240000.0,aeed36fe2e7b94c7
1970-02-22,200.0,4401603,37000.0,538b6d41141a58ce
1970-02-22,200.0,9245032,280000.0,53d3769807423c72
1970-02-22,200.0,5845104,2230000.0,fa2d6a3aa1809265
1970-02-22,200.0,11395147,3825000.0,2d9d19ac707be38a
1970-02-22,200.0,6325434,119000.0,aa201f5ca615cfb4
1970-02-22,200.0,2362838,780000.0,5fc06993a61b5949
1970-02-22,200.0,6934068,154000.0,ab8eaff26266bef2
1970-02-22,200.0,9259657,4279000.0,d65daaf0ed8f8c06
1970-02-22,200.0,4903396,36000.0,24ce7853f7119807
1970-02-22,200.0,4823427,109000.0,995bc6278d469b73
1970-02-22,200.0,3311049,44000.0,76c575c2006ab2d4
1970-02-22,200.0,3332669,0.0,000cbd5f54732d21
1970-02-22,200.0,8043571,283000.0,8ac890341abd8c06
1970-02-22,200.0,4987647,16000.0,8ca37291f97ff651
1970-02-22,200.0,9997233,171000.0,a8acee32a4034ed3
1970-02-22,200.0,12299525,4805000.0,444661a6b29d2046
1970-02-22,200.0,12390605,139000.0,80968f4b16afc4d4
1970-02-22,200.0,13346498,3519000.0,0421fb5e1e358f1a
1970-02-22,200.0,678605,0.0,d1b93e306f4f61e9
1970-02-22,200.0,3701346,47000.0,9ba44e27f744772d
1970-02-22,200.0,13942559,4645000.0,265aaefce71aa04f
1970-02-22,200.0,11469337,5657000.0,16f64f8dab8adb1c
1970-02-22,200.0,4730084,91000.0,befc0c245151c273
1970-02-22,200.0,620006,0.0,cd0913a0caedab8d
1970-02-22,200.0,7168782,205000.0,e86fb84099a6328d
1970-02-22,200.0,1026762,0.0,200a3aaf8d1a627d
1970-02-22,200.0,217841,0.0,3888e83de97618f3
1970-02-22,200.0,3129105,24000.0,2e209fee833cd0ae
1970-02-22,200.0,4366062,0.0,d283db6f621a01ca
1970-02-22,200.0,616646,0.0,551e143295d3d60b
1970-02-22,200.0,673003,0.0,365dc245e6d494e2
1970-02-22,200.0,4541997,0.0,dacc13d3b8590d87
1970-02-22,200.0,247723,0.0,4dfb335eea4ebb0a
1970-02-22,200.0,3753581,100000.0,bba92175755d7d14
1970-02-22,200.0,6605848,252000.0,3c1e2a4a1c81dbfb
1970-02-22,200.0,4484011,48000.0,223578cd14d7a569
1970-02-22,200.0,2281063,0.0,6c6ace37455e2dfd
1970-02-22,200.0,266133,0.0,58da21559377ffb0
1970-02-22,200.0,3644503,89000.0,be80ef156a274b6c
1970-02-22,200.0,4473899,52000.0,e1b6985d4faf9afb
1970-02-22,200.0,1237160,0.0,63773abb3e2ce199
1970-02-22,200.0,4176122,0.0,9d893af8742b0754
1970-02-22,200.0,4574256,0.0,df60e2b11f0a2622
1970-02-22,200.0,4232911,1000.0,6b44bbcd7fc10d8e
1970-02-22,200.0,186093,0.0,3155897b603efd7b
1970-02-22,200.0,5848787,0.0,d961204588b1ee7a
1970-02-22,200.0,4929320,32000.0,eb9de5161c061a81
1970-02-22,200.0,273469,0.0,5812281ea5a8134c
1970-02-22,200.0,281473,0.0,17645b53a88119e5
1970-02-22,200.0,435150,0.0,72e5412862238682
1970-02-22,200.0,182091,0.0,ad2fdbb92533a6bd
1970-02-22,200.0,217442,0.0,1efc7402b53971a5
1970-02-22,200.0,44689,0.0,03b53e7ab3865cb9
1970-02-22,200.0,4991330,107000.0,e7fb2109ecfb7e74
1970-02-22,200.0,4272960,0.0,dc60e530581fd5eb
1970-02-22,200.0,12297040,3327000.0,42d244c53f753e56
1970-02-22,200.0,3244183,0.0,df18e22dc4b77a59
1970-02-22,200.0,5350990,84000.0,7ee5aae19b507188
1970-02-22,200.0,7093487,156000.0,dba2b66ed63cefba
1970-02-22,200.0,186493,0.0,7b5abb85653c480e
1970-02-22,200.0,2772548,0.0,aee4d154a7d4fb3a
1970-02-22,200.0,4588584,107000.0,d0b940b223cc0ca6
1970-02-22,200.0,67367,0.0,a46d4f97d86c81fa
1970-02-22,200.0,155144,0.0,5cc7ca76fe3defc2
1970-02-22,200.0,1179122,0.0,9fe62d2b71ac88b2
1970-02-22,200.0,3509596,0.0,86ec47aa98649cb6
1970-02-22,200.0,1586892,0.0,6e4e65e4a38dde30
1970-02-22,200.0,136735,0.0,944af9e9c2aa2022
1970-02-22,200.0,14070810,414000.0,8e3dde34ac17e29a
1970-02-22,200.0,4707136,44000.0,8906d13dacd84a8d
1970-02-22,200.0,4347798,49000.0,15c16ad5cedf2599
1970-02-22,200.0,1198567,0.0,b16811fad67d95ad
1970-02-22,200.0,5541221,19000.0,c9f8bf8c43cf723e
1970-02-22,200.0,222778,0.0,3871b4a6cca50754
1970-02-22,200.0,3705230,0.0,7af53c93aee2644c
1970-02-22,200.0,4453597,10000.0,998c7ee004d2802f
1970-02-22,200.0,5805888,159000.0,b17b7ed8db98b0fb
1970-02-22,200.0,25826884,7054000.0,074ed5a5214a2d82
1970-02-22,200.0,3910471,0.0,32d7cbc065c1b964
1970-02-22,200.0,473434,0.0,f564ed404ae9c080
1970-02-22,200.0,2651846,0.0,bc56f98a2e8a6d57
1970-02-22,200.0,15373635,5753000.0,4e3f5cef03501eaa
1970-02-22,200.0,5770018,35000.0,f18a9c8ee29c8ff8
1970-02-22,200.0,437285,0.0,2516a094eef54c0f
1970-02-22,200.0,19220464,6292000.0,76da0328bd513987
1970-02-22,200.0,4179465,580000.0,263c82ff2489ca4c
1970-02-22,200.0,1642452,0.0,89dc896fd4b56f52
1970-02-22,200.0,20955791,8813000.0,fcc320e9251a3b3c
1970-02-22,200.0,5257247,57000.0,9925150368093781
1970-02-22,200.0,14402383,3458000.0,5f817b091319eb42
1970-02-22,200.0,6225421,109000.0,598c7cd016d7219e
1970-02-22,200.0,8574370,97000.0,4e39c085273d497f
1970-02-22,200.0,7764411,159000.0,f7f3b64dd2c64f2b
1970-02-22,200.0,725829,0.0,3a99e3dbe0cbc77a
1970-02-22,200.0,15885981,5040000.0,8564619f7d8bd28c
1970-02-22,200.0,2542834,0.0,d4a3d9a636072cc5
1970-02-22,200.0,5170995,78000.0,18dd3f301c5f2e69
1970-02-22,200.0,5697308,0.0,57dada0caff35889
1970-02-22,200.0,3769315,0.0,c97874fbf4bdd5ed
1970-02-22,200.0,17565107,5091000.0,2a2453f74b4a9ba3
1970-02-22,200.0,4585670,60000.0,4b5fb354634c9a41
1970-02-22,200.0,12125841,6206000.0,5f83d1f8c22301a7
1970-02-22,200.0,8754540,0.0,a15a86dda25c78dc
1970-02-22,200.0,4964900,26000.0,c49ab19f8dfa9b23
1970-02-22,200.0,7733074,101000.0,733ca88bfed1bd14
1970-02-22,200.0,5309433,70000.0,86acc9bf8b5560a5
1970-02-22,200.0,4145476,30000.0,f045f519290024a6
1970-02-22,200.0,1371498,0.0,0a20967da8e62d19
1970-02-22,200.0,6356849,193000.0,cab77e67e1cba596
1970-02-22,200.0,4259834,19000.0,b057749ffe473d99
1970-02-22,200.0,5681890,0.0,0b83d825f9ff6678
1970-02-22,200.0,393514,0.0,8769266729e502af
1970-02-22,200.0,1783435,0.0,1ead8d638448e4a5
1970-02-22,200.0,5799882,48000.0,bd7e2012479d3d68
1970-02-22,200.0,147940,0.0,769401e087a903e4
1970-02-22,200.0,310416,0.0,ae887e5d3f8b5e83
1970-02-22,200.0,1111602,0.0,4b6ed7af38ef71b2
1970-02-22,200.0,24989955,10316000.0,eee43e2b0af66a00
1970-02-22,200.0,8153891,203000.0,7092241dc960575f
1970-02-22,200.0,6837572,48000.0,c2f89b339f336cd7
1970-02-22,200.0,4494753,45000.0,3acf32b2576d395d
1970-02-22,200.0,3986519,23000.0,ffafb688806b7dee
1970-02-22,200.0,1231770,0.0,af2fc7337c0fdc19
1970-02-22,200.0,1365270,0.0,7fa5daff10a892ce
1970-02-22,200.0,1022389,0.0,e791b7d8cd446f05
1970-02-22,200.0,18442312,4872000.0,84529ec57f25fd11
1970-02-22,200.0,5876799,40000.0,f51b135794c22e20
1970-02-22,200.0,422208,0.0,5b753ce57753a2b9
1970-02-22,200.0,11826627,3296000.0,b9cf153727f7736d
1970-02-22,200.0,3729882,0.0,de0d5728e38eeb08
1970-02-22,200.0,1773018,0.0,8633e1eafe097010
1970-02-22,200.0,6539294,51000.0,298271e97410f512
1970-02-22,200.0,14997569,3846000.0,2bb3c69608ae971c
1970-02-22,200.0,5416136,82000.0,7a4a9cfd782d74db
1970-02-22,200.0,172753,0.0,00f5a543c9dd3573
1970-02-22,200.0,17119580,2934000.0,745d47d380546388
1970-02-22,200.0,293880,0.0,550d13a6b8a38931
1970-02-22,200.0,4224081,0.0,e75a6b376fca4e8a
1970-02-22,200.0,4439851,18000.0,1851c6654e1c06ad
1970-02-22,200.0,5658598,232000.0,4fb3254548c89558
1970-02-22,200.0,6210590,106000.0,8664027020698cc3
1970-02-22,200.0,15923457,3735000.0,a85ce7036530bc9f
1970-02-22,200.0,8963477,211000.0,efdcf0218efda396
1970-02-22,200.0,2228209,0.0,09c1734987e63fd1
1970-02-22,200.0,2350447,0.0,7ed09510ac864141
1970-02-22,200.0,6316894,28000.0,a5d8876010305ffb
1970-02-22,200.0,6319425,396000.0,7b701855acb8ebc8
1970-02-22,200.0,6698897,145000.0,4b9a4e630b3972eb
1970-02-22,200.0,5668183,193000.0,ea9a94a59eaac8fb
1970-02-22,200.0,432749,0.0,01f9f4ff9ed04185
1970-02-22,200.0,13212366,3430000.0,6eaed366334cc069
1970-02-22,200.0,4644865,26000.0,476806d15d5c6eb6
1970-02-22,200.0,15640965,4347000.0,b9a9a16eb9f6a003
1970-02-22,200.0,14960600,22000.0,4ef00a619a317efd
1970-02-22,200.0,7637275,29000.0,eaa13ce0e7e708f2
1970-02-22,200.0,9994745,212000.0,66dc603345601dac
1970-02-22,200.0,10292615,25000.0,154e16cb13934dbb
1970-02-22,200.0,6961404,0.0,06b80ed88dd327d6
1970-02-22,200.0,9940279,68000.0,adcf056a83f8686e
1970-02-22,200.0,9208275,0.0,0657bf2119fea3ea
1970-02-22,200.0,1276500,0.0,f306b282210394a8
1970-02-22,200.0,10733299,4280000.0,69ae99529dc69c5f
1970-02-22,200.0,4681110,51000.0,22383ae3eb9ea65b
1970-02-22,200.0,7237633,51000.0,847766d023873b8a
1970-02-22,200.0,6321890,67000.0,dd0723312bc8c43e
1970-02-22,200.0,12432682,3299000.0,b7fd653488a01630
1970-02-22,200.0,5167964,66000.0,3acd24e5b369ad77
1970-02-22,200.0,1886027,0.0,bf80e1c6bd5d1c36
1970-02-22,200.0,5723990,17000.0,baea31475f87ce1a
1970-02-22,200.0,13660599,4321000.0,73e0ea9dfa88fb5a
1970-02-22,200.0,3321006,10000.0,9c19c59f4c1d0595
1970-02-22,200.0,12316706,4000000.0,43a916344c8f2bd3
1970-02-22,200.0,9260422,3350000.0,cd9b09d6a2bb157d
1970-02-22,200.0,331230,0.0,2ddc6a5b80aed890
1970-02-22,200.0,100050,0.0,7b823e2e6bd3dbc4
1970-02-22,200.0,13900352,3929000.0,0a0e7b9310e23777
1970-02-22,200.0,4773538,0.0,d09ca8317e4ec52e
1970-02-22,200.0,1750273,0.0,e01f5ac2cb30b579
1970-02-22,200.0,9929461,4680000.0,a9a7e5503bd1ebdb
1970-02-22,200.0,2168532,0.0,1d361b7697dcfe03
1970-02-22,200.0,201434,0.0,6ba2befc1593f3f1
1970-02-22,200.0,4021167,0.0,fcd6822c051f7075
1970-02-22,200.0,5724300,71000.0,3f9b0173f6e22596
1970-02-22,200.0,11371649,5680000.0,f25c29d91ff469f7
1970-02-22,200.0,4013151,55000.0,ce8f47ebbe42b111
1970-02-22,200.0,3155558,24000.0,c3b7c89e3a1ef325
1970-02-22,200.0,2301079,0.0,b05f4e728a8356a5
1970-02-22,200.0,3436145,13000.0,75b6653dc4fb289a
1970-02-22,200.0,387659,0.0,49d937b81c656916
1970-02-22,200.0,1836234,0.0,d5705e627d1104d9
1970-02-22,200.0,8141209,1840000.0,e51020c72acaabd5
1970-02-22,200.0,1890539,0.0,b5eed46642655c68
1970-02-22,200.0,383521,0.0,a5ec58cf0b6369b1
1970-02-22,200.0,228378,0.0,91e3357525762c2a
1970-02-22,200.0,4442146,0.0,426ad31bf6fbe1d7
1970-02-22,200.0,9046537,4608000.0,64501605f76ddb3a
1970-02-22,200.0,4766978,120000.0,f45eacc84840d5b9
1970-02-22,200.0,13958791,4560000.0,a0f65aae01bcc4b3
1970-02-22,200.0,12267316,1205000.0,934fbdc134572685
1970-02-22,200.0,302147,0.0,6646fde17ad8d0c3
1970-02-22,200.0,5535940,149000.0,10385d74b3a981cb
1970-02-22,200.0,146073,0.0,bf0b637cfd7ffc59
1970-02-22,200.0,3963176,0.0,443d8fc396951c03
1970-02-22,200.0,5023918,59000.0,648bbe074b03bd1a
1970-02-22,200.0,5304420,60000.0,b54475ede44ec35f
1970-02-22,200.0,3686405,3000.0,1fd13cc5d264ee37
1970-02-22,200.0,13693415,1026000.0,e44264ad06913a8b
1970-02-22,200.0,6470898,171000.0,b9ab61a1df214193
1970-02-22,200.0,7192464,170000.0,aebbc39c5f0a0eab
1970-02-22,200.0,756105,0.0,388b69bd7fea0e3e
1970-02-22,200.0,3716425,185000.0,5828bcefac0a9daf
1970-02-22,200.0,13970642,3315000.0,64638f9e1697b54b
1970-02-22,200.0,7441360,125000.0,0a7e562ece81d7ab
1970-02-22,200.0,8885219,43000.0,0fe112a0d29bc0d3
1970-02-22,200.0,7430173,167000.0,4d8f895dbcb7c0c1
1970-02-22,200.0,4522625,138000.0,17d67703734948ea
1970-02-22,200.0,7449063,54000.0,b8c64479b068c483
1970-02-22,200.0,253321,0.0,a39cc011847ecd1c
1970-02-22,200.0,7088013,167000.0,ddd8eef4dc7f49d1
1970-02-22,200.0,12452244,5840000.0,d8984c9758286c2c
1970-02-22,200.0,4954106,67000.0,105c674ff1031d7b
1970-02-22,200.0,8705161,30000.0,29bfaadd195f7608
1970-02-22,200.0,5146546,0.0,b2a190e92f649298
1970-02-22,200.0,450755,0.0,eecd7f4568f1184c
1970-02-22,200.0,812938,0.0,9ff6de251f6e4d01
1970-02-22,200.0,8175382,3560000.0,22fbb6da45646d7a
1970-02-22,200.0,4368289,0.0,2224377f43e6fd2a
1970-02-22,200.0,3149040,74000.0,b0facdf73fb68a04
1970-02-22,200.0,3108428,800000.0,a99eca0895c0e638
1970-02-22,200.0,2373867,8000.0,aa09108a8afc4e01
1970-02-22,200.0,2018711,0.0,d7a7b2842ee076b7
1970-02-22,200.0,4850116,162000.0,f3aeb6eb7af4ef82
1970-02-22,200.0,5296904,81000.0,14dd4440c9f4dc91
1970-02-22,200.0,5195081,146000.0,cc2c314e148d394c
1970-02-22,200.0,8462536,164000.0,b3fa30c1a7cfdc87
1970-02-22,200.0,660997,0.0,724992dd42f21750
1970-02-22,200.0,8024171,67000.0,587df7ad183c9147
1970-02-22,200.0,629647,0.0,905e8e11b8a10f26
1970-02-22,200.0,483575,0.0,48dba4a521ac473a
1970-02-22,200.0,619371,0.0,131d80efcd469489
1970-02-22,200.0,4043308,12000.0,062fa9113c2d9dd9
1970-02-22,200.0,6300655,52000.0,4225a7b89fffe9a8
1970-02-22,200.0,356178,0.0,b8879d69b564c464
1970-02-22,200.0,694346,0.0,bf3e387cc1d182b9
1970-02-22,200.0,4270280,0.0,c398d7a5a47e6918
1970-02-22,200.0,390595,0.0,b600a2622659a39b
1970-02-22,200.0,9446759,245000.0,e3ed4b69adf20843
1970-02-22,200.0,9673709,424000.0,7516082f33dfcca1
1970-02-22,200.0,4441605,49000.0,4584b3eff017c1ef
1970-02-22,200.0,4202904,51000.0,b5e24dd8748aaddd
1970-02-22,200.0,465566,0.0,acb711d0a52b21c7
1970-02-22,200.0,190095,0.0,6201172431410d78
1970-02-22,200.0,14069274,191000.0,c1d5c96b8d1b038f
1970-02-22,200.0,5554897,120000.0,3bac0ea8f680832b
1970-02-22,200.0,15735463,86000.0,a9b063456322fa70
1970-02-22,200.0,2634991,0.0,a1b4e0fe10a3235e
1970-02-22,200.0,5666797,0.0,0d72d56759db1192
1970-02-22,200.0,3183240,0.0,efc388f8490377f4
1970-02-22,200.0,5141827,0.0,cffd15d399e6d378
1970-02-22,200.0,2119991,0.0,3304ff47bb3a9167
1970-02-22,200.0,4149099,45000.0,9720b0f951922ded
1970-02-22,200.0,1619296,0.0,51478c4c5ace1504
1970-02-22,200.0,3592637,70000.0,a72d6ace9440816e
1970-02-22,200.0,3944658,0.0,bddf7e71aebafb67
1970-02-22,200.0,8204845,3000.0,31a472c94f56f576
1970-02-22,200.0,3667738,102000.0,d3b719849eda5a74
1970-02-22,200.0,13538753,593000.0,6295b5e5432913d1
1970-02-22,200.0,22419952,294000.0,a943c022ab5ba2a5
1970-02-22,200.0,2172468,0.0,192b9b7de40e82a3
1970-02-22,200.0,385526,0.0,d8ffde7731e794c7
1970-02-22,200.0,4237123,0.0,2e9aa70550e82b0f
1970-02-22,200.0,664302,0.0,0c27fc1c9a635346
1970-02-22,200.0,1275479,0.0,8ffd9494bd89c9c4
1970-02-22,200.0,620679,0.0,c74d379c6266c293
1970-02-22,200.0,7306878,351000.0,3691c632659cc307
1970-02-22,200.0,3249762,68000.0,17f1dcd3098cd680
1970-02-22,200.0,1663137,0.0,c5bbc766453ba7e7
1970-02-22,200.0,9181776,51000.0,42d94808f2861f9b
1970-02-22,200.0,8438192,333000.0,e4c76025a25cdfa2
1970-02-22,200.0,8010437,106000.0,4c2b5afd749abc77
1970-02-22,200.0,6831726,280000.0,adaa57fc373ab757
1970-02-22,200.0,2934927,0.0,1bf9b8d464d4e4eb
1970-02-22,200.0,16698031,942000.0,4ff355d8f2cc08e1
1970-02-22,200.0,2482551,0.0,c5ee6d73545af25b
1970-02-22,200.0,4563912,62000.0,4f4ab094655adfaf
1970-02-22,200.0,468234,0.0,d8f35a08bf42d2c6
1970-02-22,200.0,3963346,60000.0,e6b7f2d3f4f490cd
1970-02-22,200.0,2536090,12000.0,35d5eb00dc24eb97
1970-02-22,200.0,2336480,0.0,2b668c7f84136f64
1970-02-22,200.0,6217230,270000.0,e8afd0f21c6debbe
1970-02-22,200.0,4363719,130000.0,00dcc913dcd4e143
1970-02-22,200.0,7948792,304000.0,5b649a4952eaf3ba
1970-02-22,200.0,658329,0.0,cd675c0ed5d8e277
1970-02-22,200.0,13805718,404000.0,344306c49ee4ee08
1970-02-22,200.0,4826112,0.0,3608855d18932292
1970-02-22,200.0,3705270,0.0,66b3eba2776fee07
1970-02-22,200.0,5607601,54000.0,72e4f637e365df40
1970-02-22,200.0,4558156,75000.0,e2f882b3e5fdbaaa
1970-02-22,200.0,539200,0.0,f65b4c0e4dfc6698
1970-02-22,200.0,12220387,33000.0,f4c3f4913676cc88
1970-02-22,200.0,8578450,262000.0,9ca5242b8bbdaab9
1970-02-22,200.0,2944554,107000.0,0b25d5c103673370
1970-02-22,200.0,1010371,0.0,17f6282f6f393f3b
1970-02-22,200.0,7979306,209000.0,fc73cf22fd823e80
1970-02-22,200.0,520659,0.0,9c90771e2cb85048
1970-02-22,200.0,14877483,472000.0,22cef08031b23d29
1970-02-22,200.0,1407647,0.0,f685a4b3a2397e9e
1970-02-22,200.0,491045,0.0,2e30081e20dd5298
1970-02-22,200.0,224082,0.0,d5e2b831dd757cc0
1970-02-22,200.0,4937245,78000.0,8301da8aab413bd7
1970-02-22,200.0,7141785,283000.0,4733e8c157085835
1970-02-22,200.0,258796,0.0,b9c34f46e67a3976
1970-02-22,200.0,467565,0.0,2471cb4b9767ba19
1970-02-22,200.0,6287773,0.0,5ce4dd5181a3bf54
1970-02-22,200.0,590827,0.0,042bce1a88e0bd47
1970-02-22,200.0,318159,0.0,1d5542f6da78049e
1970-02-22,200.0,5671978,124000.0,b266ecb39da0b57e
1970-02-22,200.0,5554176,90000.0,92e366466b1fac00
1970-02-22,200.0,10204574,331000.0,4a835b667ce25bec
1970-02-22,200.0,4866965,128000.0,ec9cd6f118cd3070
1970-02-22,200.0,124729,0.0,b527e59cec87847d
1970-02-22,200.0,3414779,0.0,2121724fc3d0c43b
1970-02-22,200.0,4615619,64000.0,c019a0847f88f814
1970-02-22,200.0,6795868,192000.0,62119d5ccfa9f1f9
1970-02-22,200.0,393527,0.0,9da7972b7491d2d4
1970-02-22,200.0,2597884,0.0,2419f9b7f9117d92
1970-02-22,200.0,263465,0.0,42cde0cf26fb3668
1970-02-22,200.0,6619623,173000.0,813c78c10e761bca
1970-02-22,200.0,4614241,288000.0,8361b7c875efa785
1970-02-22,200.0,1840620,0.0,c4ed1efdb884daee
1970-02-22,200.0,8192185,0.0,2869055d8ba247ca
1970-02-22,200.0,3565177,44000.0,a03dab5e911a1688
1970-02-22,200.0,664063,0.0,b7f498733e34f795
1970-02-22,200.0,626980,0.0,0af594ba8e6bd77c
1970-02-22,200.0,201434,0.0,19cecff8da2182b2
1970-02-22,200.0,3049868,0.0,fe7775c266aa7c46
1970-02-22,200.0,329498,0.0,538bac9f0e8ab8ad
1970-02-22,200.0,773053,0.0,ad6ab543be24f50a
1970-02-22,200.0,4545575,0.0,d0a93383edd4694c
1970-02-22,200.0,1570115,0.0,1726de000683258d
1970-02-22,200.0,292813,0.0,af052b02cf590f1b
1970-02-22,200.0,2633026,0.0,5fc87a57599bbeaa
1970-02-22,200.0,10392252,68000.0,79c0bc3f099b2c64
1970-02-22,200.0,6111090,94000.0,19c8eaf6a8dd1639
1970-02-22,200.0,3695305,38000.0,77c332a99069f7b7
1970-02-22,200.0,2201696,0.0,e43a05f56f56b169
1970-02-22,200.0,931398,0.0,9a9c07cf7722d41d
1970-02-22,200.0,690345,0.0,1614e8f0c8ecf983
1970-02-22,200.0,700616,0.0,ea63e82e406744b1
1970-02-22,200.0,288410,0.0,ea1080265fc2ad4b
1970-02-22,200.0,769315,0.0,347898c125a08b3d
1970-02-22,200.0,6279196,460000.0,58111151e76380e3
1970-02-22,200.0,4408602,211000.0,f7eb8c5312d18ccc
1970-02-22,200.0,4197122,0.0,9071ec9978b93338
1970-02-22,200.0,491812,0.0,0d80e595eb5b8671
1970-02-22,200.0,2923769,88000.0,22331b3003541b60
1970-02-22,200.0,1740539,0.0,68c63da496996622
1970-02-22,200.0,1072000,0.0,4d29dfd9723b744b
1970-02-22,200.0,4748366,124000.0,8d78e4de18ea24ac
1970-02-22,200.0,168751,0.0,e1b5240704da3a98
1970-02-22,200.0,4826038,96000.0,4c43eecc2bea07f7
1970-02-22,200.0,4419325,84000.0,01d3f129aaa01a51
1970-02-22,200.0,0,0.0,dca0ebc71aa33d6d
1970-02-22,200.0,0,0.0,5841df9b3e0ec25f
1970-02-22,200.0,0,0.0,09a5a1d935277c35
1970-02-22,200.0,0,0.0,806eadcecf5109f9
1970-02-22,200.0,0,0.0,9c4350e9eb335740
1970-02-22,200.0,0,0.0,eceaa915e757dc94
1970-02-22,200.0,5312704,31000.0,b776b0d7e36c56fe
1970-02-22,200.0,0,0.0,648d423b06df42c7
1970-02-22,200.0,0,0.0,629a15cd5bfddc31
1970-02-22,200.0,0,0.0,e6d3151f1ee179a5
1970-02-22,200.0,0,0.0,89cb6a4be26b5748
1970-02-22,200.0,0,0.0,d45ac38cff1ba1be
1970-02-22,200.0,0,0.0,f0c48c8259d2e2d5
1970-02-22,200.0,0,0.0,1715f567d09402e7
1970-02-22,200.0,0,0.0,0fda5a27c5ce5b59
1970-02-22,200.0,5673981,75000.0,91c08285d3416fa5
1970-02-22,200.0,669668,0.0,4434e1963d08bbaf
1970-02-22,200.0,9855013,278000.0,734cbad128d21834
1970-02-22,200.0,0,0.0,6f184d60af4b3a64
1970-02-22,200.0,4973794,0.0,49e475e516ef8d1c
1970-02-22,200.0,3501516,0.0,9e6f8830a2e253d2
1970-02-22,200.0,2185543,0.0,8b03b2da12bca3ba
1970-02-22,200.0,8414671,297000.0,32d1e4c3f7211d79
1970-02-22,200.0,7855608,318000.0,a5cc331f753da9e1
1970-02-22,200.0,10385514,297000.0,257a986c98d924cc
1970-02-22,200.0,532933,0.0,64dbd1b4ba98161e
1970-02-22,200.0,6771392,37000.0,535589e2da8d91c5
1970-02-22,200.0,2152662,0.0,b112f23f779f219b
1970-02-22,200.0,4956932,106000.0,0f6d3efbd3614ca7
1970-02-22,200.0,5960452,0.0,0fd4499e4b370d52
1970-02-22,200.0,6674944,146000.0,55568898add933cb
1970-02-22,200.0,2605919,0.0,3eebf0e71d613db6
1970-02-22,200.0,10262681,369000.0,aa72b17e1d32f901
1970-02-22,200.0,6585734,88000.0,3cec170c91635e65
1970-02-22,200.0,4305653,0.0,aecbce4e31b179f6
1970-02-22,200.0,9588023,0.0,d4cc81ccff49603d
1970-02-22,200.0,2711129,0.0,d182e4e104827473
1970-02-22,200.0,4253945,0.0,81181212c74d916a
1970-02-22,200.0,2176253,0.0,342c3e3063b279c7
1970-02-22,200.0,4162360,0.0,2af8f1607e2d117d
1970-02-22,200.0,6332257,2000.0,21036d56a0941424
1970-02-22,200.0,503585,0.0,d8cfba4e904661ae
1970-02-22,200.0,5094227,53000.0,068e00275fc07f00
1970-02-22,200.0,3047020,0.0,d2a6d57230e40130
1970-02-22,200.0,6857748,117000.0,2e70921ead8637fb
1970-02-22,200.0,8212809,518000.0,05ab41dca31c0d45
1970-02-22,200.0,1908333,0.0,bdb67738a22014f7
1970-02-22,200.0,1674752,0.0,63a762f180c2557d
1970-02-22,200.0,2792494,0.0,151c77aeb2ceb4ff
1970-02-22,200.0,2740920,0.0,84d09236cce2e875
1970-02-22,200.0,3570763,0.0,5474004d6019ba17
1970-02-22,200.0,2432890,0.0,1082481f2614a3ea
1970-02-22,200.0,13893079,293000.0,f5fbedb744c6a268
1970-02-22,200.0,8439594,111000.0,65b593bd3a7862c7
1970-02-22,200.0,458362,0.0,4efc3f58a5608807
1970-02-22,200.0,1251824,0.0,bd5436144cfdfdf1
1970-02-22,200.0,1261531,0.0,d1964ca187dca97a
1970-02-22,200.0,3878462,50000.0,b1d78d233fa57b65
1970-02-22,200.0,1373348,0.0,2213e3896687cc63
1970-02-22,200.0,1814502,0.0,630e9de6f6898de0
1970-02-22,200.0,1880078,0.0,93806e85223d40c7
1970-02-22,200.0,4624033,56000.0,5fe19a0554f89449
1970-02-22,200.0,1723910,0.0,6dd7be4014746ea4
1970-02-22,200.0,806265,0.0,d202e55441843797
1970-02-22,200.0,5323637,285000.0,d9dd1e7e9b7d5543
1970-02-22,200.0,4795694,0.0,dea0a39edf5005a0
1970-02-22,200.0,3504867,56000.0,3921ad7c9af09462
1970-02-22,200.0,3611314,0.0,3caff56ab5ae995d
1970-02-22,200.0,426880,0.0,90d6ae3e6b05a469
1970-02-22,200.0,5646669,248000.0,0f19ae066ea7b569
1970-02-22,200.0,1726340,0.0,e5b19015a72f5e23
1970-02-22,200.0,1138398,0.0,52c51bfeead8bc86
1970-02-22,200.0,6234843,188000.0,49d370bc1fad6382
1970-02-22,200.0,1624632,0.0,c1ba770ab5aad448
1970-02-22,200.0,9904763,441000.0,78546c677fed2abf
1970-02-22,200.0,8458375,349000.0,bf8a0cde736da398
1970-02-22,200.0,6801301,89000.0,9c8c1bbe056f81c8
1970-02-22,200.0,3310794,0.0,855a27d1edb3d357
1970-02-22,200.0,11124295,551000.0,3abe8162f43cae71
1970-02-22,200.0,229448,0.0,a2bb73b43953ec0f
1970-02-22,200.0,8471806,123000.0,1abab1e536610595
1970-02-22,200.0,7392968,109000.0,c59a93b64df68cdd
1970-02-22,200.0,8688523,440000.0,8752772d2bc6e5e7
1970-02-22,200.0,5104591,60000.0,158c30136490cc7b
1970-02-22,200.0,1964622,0.0,c1a114dcfd1cd96f
1970-02-22,200.0,271469,0.0,3e64551ec327841d
1970-02-22,200.0,1715918,0.0,51cbf3e7957d098e
1970-02-22,200.0,2659451,0.0,4e4f29ee8bcb73f3
1970-02-22,200.0,477302,0.0,979ccf4ed99611dc
1970-02-22,200.0,434348,0.0,05e0b48765d12488
1970-02-22,200.0,240120,0.0,4da73fe59df2495d
1970-02-22,200.0,380590,0.0,b967234d4bd647e0
1970-02-22,200.0,463162,0.0,23d11f5701bebe73
1970-02-22,200.0,462898,0.0,76fb606da59fd1cf
1970-02-22,200.0,12464180,3154000.0,938ed159c19f2509
1970-02-22,200.0,6599120,83000.0,9c6f9fd07a56578e
1970-02-22,200.0,3228806,0.0,f39fa3a61ebf699b
1970-02-22,200.0,8102335,59000.0,331424a633bfc1d4
1970-02-22,200.0,5021241,49000.0,855c9d1f5160b7d9
1970-02-22,200.0,6496421,48000.0,70ca949c50ddfbb3
1970-02-22,200.0,10076084,296000.0,5f24b368fa1d3be3
1970-02-22,200.0,12247496,584000.0,19f7f6ee9d0a83ce
1970-02-22,200.0,728361,0.0,09880e9e9255b1f2
1970-02-22,200.0,5640539,2000.0,ed06752fd0a8f515
1970-02-22,200.0,424212,0.0,d7ad593a74127113
1970-02-22,200.0,11846001,464000.0,37f4580cd392b424
1970-02-22,200.0,9240431,170000.0,54fbddb812e6ab4d
1970-02-22,200.0,11621263,193000.0,c5d128b63f8415e8
1970-02-22,200.0,676604,0.0,0e55a557baeea87b
1970-02-22,200.0,8319208,330000.0,e783043e2d0cf31c
1970-02-22,200.0,7493883,367000.0,7c658f8e1bbc1bd3
1970-02-22,200.0,5286424,0.0,662a05bf4ab97bae
1970-02-22,200.0,3861450,0.0,deb8d0e2546000e1
1970-02-22,200.0,6659637,144000.0,5dc5093744d64aeb
1970-02-22,200.0,12934386,314000.0,e9065a18379a0463
1970-02-22,200.0,9429308,96000.0,cab4fef25f13f029
1970-02-22,200.0,8742128,88000.0,bfb30112c6a4179d
1970-02-22,200.0,11156089,634000.0,5bfa8161069cc23a
1970-02-22,200.0,2134393,0.0,7b427250a74d44fc
1970-02-22,200.0,9905165,555000.0,df18e2bc463879b1
1970-02-22,200.0,11410340,120000.0,4eb0bbf2edc55f1b
1970-02-22,200.0,11166324,630000.0,175b2d4ab99e72e3
1970-02-22,200.0,8464425,185000.0,59e38aba8f371726
1970-02-22,200.0,2879283,47000.0,269354adf3340b41
1970-02-22,200.0,10033484,203000.0,4deabfb35aaeea6f
1970-02-22,200.0,289478,0.0,34d8f1e30bdbbb1c
1970-02-22,200.0,9915123,181000.0,a1c5603e58c08fcd
1970-02-22,200.0,4620345,14000.0,b2c1e28d1768b3f5
1970-02-22,200.0,5133754,9000.0,f98b137fd78d849e
1970-02-22,200.0,520762,0.0,9abef6a5a4038e46
1970-02-22,200.0,6234499,0.0,fe7a561ae5d0b5de
1970-02-22,200.0,4574051,65000.0,cbb701a1ba0a9c85
1970-02-22,200.0,7215868,81000.0,40b8e53f9f015c95
1970-02-22,200.0,3685356,50000.0,700dfeeb55f019ac
1970-02-22,200.0,2767160,0.0,6f991c8c67c2b1dc
1970-02-22,200.0,7148115,1398000.0,b3238007c0b58dde
1970-02-22,200.0,390165,0.0,ad27794eeb460623
1970-02-22,200.0,2941862,18000.0,ca6abd8bdc808301
1970-02-22,200.0,6591337,85000.0,12606a24d6b78dd1
1970-02-22,200.0,3560123,0.0,6e69d586bdac7f0e
1970-02-22,200.0,3407111,0.0,5c49826efa92ba1e
1970-02-22,200.0,621638,0.0,e3ab9e20bd8363ea
1970-02-22,200.0,4573841,0.0,cfad0b8919c37683
1970-02-22,200.0,7066358,54000.0,7741677e006b47af
1970-02-22,200.0,2939955,0.0,6ba9eaa307c974c8
1970-02-22,200.0,3322514,0.0,11e1d20ef24a37e9
1970-02-22,200.0,3895506,0.0,4c30678e5028c795
1970-02-22,200.0,560917,0.0,c7f798ce8612052d
1970-02-22,200.0,8583798,62000.0,7f60c3fda6d434b1
1970-02-22,200.0,4816353,0.0,0da72ada8b1d97c3
1970-02-22,200.0,231314,0.0,16fdf5792bed5f56
1970-02-22,200.0,9341829,3833000.0,bc62a67388cd460e
1970-02-22,200.0,13390285,3772000.0,602de9e58186665a
1970-02-22,200.0,180488,0.0,cc60e45667485bde
1970-02-22,200.0,18592497,3630000.0,dfd631e5d12b504b
1970-02-22,200.0,3239103,11000.0,235d369b0f53d0be
1970-02-22,200.0,5618709,36000.0,e334e6b99f25d05d
1970-02-22,200.0,6643170,76000.0,76236b759a49ab30
1970-02-22,200.0,9175645,279000.0,7f3f74d78e2229b8
1970-02-22,200.0,10113033,2787000.0,b933f97663c896d9
1970-02-22,200.0,7075546,29000.0,825d086dfc2fb77d
1970-02-22,200.0,2586259,0.0,ba2d4cbd88315865
1970-02-22,200.0,10739502,3597000.0,4abaf2dee178a3dc
1970-02-22,200.0,6053668,0.0,d0e61cbff733dc5f
1970-02-22,200.0,6940360,0.0,7a97f31f437b347e
1970-02-22,200.0,11664080,3808000.0,365093d4cbb95f79
1970-02-22,200.0,300150,0.0,47966e32ef7cd6e3
1970-02-22,200.0,3660141,59000.0,3e3267b381f70c08
1970-02-22,200.0,9268771,1815000.0,c7e3ba9bb8d7dad1
1970-02-22,200.0,4266778,32000.0,8e197807d168d592
1970-02-22,200.0,291479,0.0,3906e160d77ca430
1970-02-22,200.0,5185445,103000.0,ee533b00b7ed14c7
1970-02-22,200.0,5292789,21000.0,a19414c7c982e11e
1970-02-22,200.0,888843,0.0,f89d9121bdebbb62
1970-02-22,200.0,4792967,42000.0,dd38fd41f1eba039
1970-02-22,200.0,10303534,403000.0,97f0d00452beffde
1970-02-22,200.0,14022402,987000.0,5feef43394d67af5
1970-02-22,200.0,5530734,163000.0,91c83c3cc27fba15
1970-02-22,200.0,17443522,343000.0,dd5781c692e005d3
1970-02-22,200.0,3708015,0.0,a4957018283eaca3
1970-02-22,200.0,1224344,0.0,f90137498243178f
1970-02-22,200.0,5650068,82000.0,c537eed2b82972d7
1970-02-22,200.0,8686986,546000.0,c04ad16fafc55226
1970-02-22,200.0,9069568,398000.0,7efec5bf427c6eda
1970-02-22,200.0,1203371,0.0,a4390312e7c871e6
1970-02-22,200.0,12240333,262000.0,ae6ec5d030876592
1970-02-22,200.0,19295559,554000.0,820830643aa5c4ef
1970-02-22,200.0,675521,0.0,80b2bb8f05b05374
1970-02-22,200.0,6229738,7000.0,2ed2a8bddec836e8
1970-02-22,200.0,7111183,326000.0,7339500b20bb3ad5
1970-02-22,200.0,7778605,369000.0,6108cfbcf0b6d1f4
1970-02-22,200.0,4895424,209000.0,669560d4b537ebd1
1970-02-22,200.0,4145504,71000.0,a6d8570fc92bef05
1970-02-22,200.0,9623905,458000.0,b2516afb7241610f
1970-02-22,200.0,9414692,525000.0,5de46840a8e50496
1970-02-22,200.0,3880842,142000.0,9de39b7589e2cd6f
1970-02-22,200.0,6534110,125000.0,1ba07543d46a0d40
1970-02-22,200.0,6640180,369000.0,7b78d9389bb696db
1970-02-22,200.0,354844,0.0,226aaae383431970
1970-02-22,200.0,184759,0.0,ab7060c3406652dc
1970-02-22,200.0,679079,0.0,9a6469e180402639
1970-02-22,200.0,2567818,0.0,9334bc1184474db5
1970-02-22,200.0,961545,0.0,65b83c7042236066
1970-02-22,200.0,2903802,47000.0,43c5d262f58f38e6
1970-02-22,200.0,4347283,0.0,6a52bbc4a5b30b11
1970-02-22,200.0,11757742,456000.0,97dd0433b5fd4327
1970-02-22,200.0,2381850,0.0,683a86755834b342
1970-02-22,200.0,8923951,231000.0,5990631df0f87bbf
1970-02-22,200.0,488909,0.0,24d269a37598afb0
1970-02-22,200.0,735698,0.0,defa41a31080505c
1970-02-22,200.0,683272,0.0,0006b9550751c245
1970-02-22,200.0,13893082,103000.0,50e85ac681d12024
1970-02-22,200.0,428745,0.0,543a00312c107f7d
1970-02-22,200.0,493046,0.0,2e34df31c013b10c
1970-02-22,200.0,8556822,0.0,47ad52a70cbf6604
1970-02-22,200.0,6778381,0.0,74099c0d6c4fbf26
1970-02-22,200.0,4509717,12000.0,24f4ce3ca52eaf66
1970-02-22,200.0,3386707,0.0,990032366e64e219
1970-02-22,200.0,3912089,0.0,1a2b103b4602c2d2
1970-02-22,200.0,2746033,0.0,4558aabfe2043617
1970-02-22,200.0,6034548,3000.0,8ad869600acdcff3
1970-02-22,200.0,390195,0.0,ec8d1adc7bad8c73
1970-02-22,200.0,1638416,0.0,75931ba63b8b4386
1970-02-22,200.0,8548127,8000.0,47d72ebe72f8aae1
1970-02-22,200.0,8595993,95000.0,5cca9e82b52e357c
1970-02-22,200.0,14331393,754000.0,e0458e6badda8201
1970-02-22,200.0,1693656,0.0,cfb7e1172b95995b
1970-02-22,200.0,812659,0.0,feea777c4e6440ef
1970-02-22,200.0,6265109,164000.0,c96e01522446d258
1970-02-22,200.0,4163265,0.0,db1d44971f3fa11d
1970-02-22,200.0,8484618,283000.0,4c50dd163808a896
1970-02-22,200.0,9724552,443000.0,5b27b28a23c0b35e
1970-02-22,200.0,13106279,732000.0,bb1a65176133b8c0
1970-02-22,200.0,6730746,268000.0,94d5acecc547c42f
1970-02-22,200.0,3869393,0.0,49ee3202a23571ce
1970-02-22,200.0,1356213,0.0,a8d2599c852fd8dc
1970-02-22,200.0,7709665,71000.0,a3f8b9f8a554c35a
1970-02-22,200.0,9862665,334000.0,78449c00cf1496c7
1970-02-22,200.0,3250126,0.0,f0bc704d0de28fee
1970-02-22,200.0,8768869,105000.0,710f8c351062da07
1970-02-22,200.0,754880,0.0,3a9d43caf493e2dc
1970-02-22,200.0,7511329,23000.0,714e91640adc7263
1970-02-22,200.0,19654763,400000.0,3839db5a43a13a64
1970-02-22,200.0,456093,0.0,18cc35617da8d620
1970-02-22,200.0,246790,0.0,fefd3a99ca931654
1970-02-22,200.0,929131,0.0,c8e57204d9c728c8
1970-02-22,200.0,11321389,216000.0,49f1742246937edb
1970-02-22,200.0,8459067,311000.0,5d25d1dbe365f724
1970-02-22,200.0,1581455,0.0,c49228bcd6d5830d
1970-02-22,200.0,264132,0.0,3f6c942c8bbb331a
1970-02-22,200.0,6557272,128000.0,bb3835d0752e26e0
1970-02-22,200.0,546940,0.0,622365c7effd6515
1970-02-22,200.0,5443775,365000.0,ce161efd6ed5a95a
1970-02-22,200.0,596563,0.0,5721ef6a5688abf1
1970-02-22,200.0,15759679,761000.0,dcf80bd6f8fcc3e1
1970-02-22,200.0,11005287,275000.0,5f8fec6f26b53dde
1970-02-22,200.0,664568,0.0,5ee533f8ed32f55d
1970-02-22,200.0,430476,0.0,3124c6780e6b1dd7
1970-02-22,200.0,6887521,489000.0,b7edc6b0245d8b17
1970-02-22,200.0,7493851,284000.0,a2b2a663a48db4a5
1970-02-22,200.0,582155,0.0,441d951504a1291e
1970-02-22,200.0,584959,0.0,8d57de65050424dd
1970-02-22,200.0,7597428,20000.0,b6685acce772c0bd
1970-02-22,200.0,8903075,514000.0,54a42bd24e6b7750
1970-02-22,200.0,802401,0.0,9a9622bf6de338a5
1970-02-22,200.0,7670570,342000.0,109a70d5f55fa19f
1970-02-22,200.0,478368,0.0,eb36ccaa01eb62e3
1970-02-22,200.0,9835519,441000.0,7c220395eee1125c
1970-02-22,200.0,184759,0.0,1543a5e07c9a4179
1970-02-22,200.0,3993036,0.0,64ff9e1ce9774ae2
1970-02-22,200.0,8737410,163000.0,9cec2d830580ce92
1970-02-22,200.0,8287134,464000.0,559afaae7e0e1d62
1970-02-22,200.0,4186939,39000.0,c85664e436e31e21
1970-02-22,200.0,3944476,21000.0,962576ab9f41b7ea
1970-02-22,200.0,6768339,432000.0,8b6c476b1f98cce2
1970-02-22,200.0,525729,0.0,b2c7686a7b3f08b8
1970-02-22,200.0,4041815,92000.0,556653fc1ba8e984
1970-02-22,200.0,937619,0.0,6ee7f1c497c70fc2
