date,steps,distance_m,calories,steps_id
1970-02-10,0,,,f65e0d95471c9549
1970-02-10,176,,,c409ee930c1e51d9
1970-02-10,31,,,3a51ddb3db340627
1970-02-10,0,,,3a51ddb3db340627
1970-02-10,114,,,36f6dfba41939907
1970-02-10,115,,,c409ee930c1e51d9
1970-02-10,0,,,36f6dfba41939907
1970-02-10,0,,,c409ee930c1e51d9
1970-02-10,31,,,3a51ddb3db340627
1970-02-10,0,,,3a51ddb3db340627
1970-02-10,140,,,3a51ddb3db340627
1970-02-10,173,,,3a51ddb3db340627
1970-02-10,213,,,36f6dfba41939907
1970-02-10,277,,,c409ee930c1e51d9
1970-02-10,8,,,36f6dfba41939907
1970-02-10,145,,,c409ee930c1e51d9
1970-02-10,65,,,36f6dfba41939907
1970-02-10,69,,,c409ee930c1e51d9
1970-02-10,6,,,36f6dfba41939907
1970-02-10,6,,,c409ee930c1e51d9
1970-02-10,48,,,36f6dfba41939907
1970-02-10,48,,,c409ee930c1e51d9
1970-02-10,17,,,36f6dfba41939907
1970-02-10,12,,,c409ee930c1e51d9
1970-02-10,39,,,36f6dfba41939907
1970-02-10,36,,,c409ee930c1e51d9
1970-02-10,45,,,36f6dfba41939907
1970-02-10,45,,,c409ee930c1e51d9
1970-02-10,28,,,3a51ddb3db340627
1970-02-10,25,,,3a51ddb3db340627
1970-02-10,176,,,36f6dfba41939907
1970-02-10,33,,,36f6dfba41939907
1970-02-10,98,,,3a51ddb3db340627
1970-02-10,151,,,36f6dfba41939907
1970-02-10,336,,,f445ecf6f36567fe
1970-02-10,336,,,c409ee930c1e51d9
1970-02-10,1,,,f445ecf6f36567fe
1970-02-10,1,,,c409ee930c1e51d9
1970-02-10,43,,,f445ecf6f36567fe
1970-02-10,43,,,c409ee930c1e51d9
1970-02-10,11,,,f445ecf6f36567fe
1970-02-10,11,,,c409ee930c1e51d9
1970-02-10,231,,,f445ecf6f36567fe
1970-02-10,231,,,c409ee930c1e51d9
1970-02-10,10,,,f445ecf6f36567fe
1970-02-10,10,,,c409ee930c1e51d9
1970-02-10,151,,,f445ecf6f36567fe
1970-02-10,151,,,c409ee930c1e51d9
1970-02-10,3,,,f445ecf6f36567fe
1970-02-10,3,,,c409ee930c1e51d9
1970-02-10,21,,,f445ecf6f36567fe
1970-02-10,21,,,c409ee930c1e51d9
1970-02-10,2052,,,3a51ddb3db340627
1970-02-10,133,,,f445ecf6f36567fe
1970-02-10,76,,,3a51ddb3db340627
1970-02-10,10,,,36f6dfba41939907
1970-02-10,2079,,,c409ee930c1e51d9
1970-02-10,0,,,3a51ddb3db340627
1970-02-10,10,,,3a51ddb3db340627
1970-02-10,0,,,3a51ddb3db340627
1970-02-10,10,,,f445ecf6f36567fe
1970-02-10,86,,,c409ee930c1e51d9
1970-02-10,25,,,3a51ddb3db340627
1970-02-10,151,,,c409ee930c1e51d9
1970-02-10,27,,,c409ee930c1e51d9
1970-02-10,57,,,c409ee930c1e51d9
1970-02-10,104,,,36f6dfba41939907
1970-02-10,10,,,3a51ddb3db340627
1970-02-10,29,,,36f6dfba41939907
1970-02-10,33,,,c409ee930c1e51d9
1970-02-10,2046,,,3a51ddb3db340627
1970-02-10,105,,,36f6dfba41939907
1970-02-10,2151,,,c409ee930c1e51d9
1970-02-10,0,,,36f6dfba41939907
1970-02-10,0,,,c409ee930c1e51d9
1970-02-10,36,,,36f6dfba41939907
1970-02-10,36,,,c409ee930c1e51d9
1970-02-10,206,,,3a51ddb3db340627
1970-02-10,12,,,36f6dfba41939907
1970-02-10,191,,,c409ee930c1e51d9
1970-02-10,0,,,3a51ddb3db340627
1970-02-10,0,,,3a51ddb3db340627
1970-02-10,0,,,36f6dfba41939907
1970-02-10,0,,,c409ee930c1e51d9
1970-02-10,42,,,36f6dfba41939907
1970-02-10,42,,,c409ee930c1e51d9
1970-02-10,94,,,3a51ddb3db340627
1970-02-10,115,,,36f6dfba41939907
1970-02-10,198,,,c409ee930c1e51d9
1970-02-10,0,,,36f6dfba41939907
1970-02-10,0,,,c409ee930c1e51d9
1970-02-10,0,,,36f6dfba41939907
1970-02-10,0,,,c409ee930c1e51d9
1970-02-10,0,,,3a51ddb3db340627
1970-02-10,0,,,36f6dfba41939907
1970-02-10,0,,,c409ee930c1e51d9
1970-02-10,8,,,c409ee930c1e51d9
1970-02-10,3,,,3a51ddb3db340627
1970-02-10,0,,,36f6dfba41939907
1970-02-10,0,,,36f6dfba41939907
1970-02-10,104,,,c409ee930c1e51d9
1970-02-10,1,,,36f6dfba41939907
1970-02-10,4,,,c409ee930c1e51d9
1970-02-10,0,,,3a51ddb3db340627
1970-02-10,0,,,36f6dfba41939907
1970-02-10,0,,,c409ee930c1e51d9
1970-02-10,0,,,36f6dfba41939907
1970-02-10,0,,,c409ee930c1e51d9
1970-02-10,0,,,36f6dfba41939907
1970-02-10,0,,,c409ee930c1e51d9
1970-02-10,5,,,3a51ddb3db340627
1970-02-10,8,,,36f6dfba41939907
1970-02-10,0,,,c409ee930c1e51d9
1970-02-10,154,,,3a51ddb3db340627
1970-02-10,216,,,36f6dfba41939907
1970-02-10,233,,,c409ee930c1e51d9
1970-02-10,124,,,3a51ddb3db340627
1970-02-10,198,,,36f6dfba41939907
1970-02-10,279,,,c409ee930c1e51d9
1970-02-10,57,,,3a51ddb3db340627
1970-02-10,1992,,,3a51ddb3db340627
1970-02-10,10,,,36f6dfba41939907
1970-02-10,123,,,36f6dfba41939907
1970-02-10,105,,,c409ee930c1e51d9
1970-02-10,1996,,,c409ee930c1e51d9
1970-02-10,8,,,3a51ddb3db340627
1970-02-10,0,,,3a51ddb3db340627
1970-02-10,0,,,36f6dfba41939907
1970-02-10,0,,,c409ee930c1e51d9
1970-02-10,0,,,c409ee930c1e51d9
1970-02-10,27,,,f445ecf6f36567fe
1970-02-10,239,,,c409ee930c1e51d9
1970-02-10,239,,,f445ecf6f36567fe
1970-02-10,183,,,c409ee930c1e51d9
1970-02-10,13,,,f445ecf6f36567fe
1970-02-10,13,,,c409ee930c1e51d9
1970-02-10,81,,,3a51ddb3db340627
1970-02-10,183,,,f445ecf6f36567fe
1970-02-10,163,,,c409ee930c1e51d9
1970-02-10,0,,,3a51ddb3db340627
1970-02-10,6,,,f445ecf6f36567fe
1970-02-10,6,,,c409ee930c1e51d9
1970-02-10,28,,,3a51ddb3db340627
1970-02-10,20,,,f445ecf6f36567fe
1970-02-10,40,,,c409ee930c1e51d9
1970-02-10,1644,,,3a51ddb3db340627
1970-02-10,230,,,f445ecf6f36567fe
1970-02-10,1724,,,c409ee930c1e51d9
1970-02-10,2236,,,3a51ddb3db340627
1970-02-10,78,,,f445ecf6f36567fe
1970-02-10,2253,,,c409ee930c1e51d9
1970-02-10,108,,,3a51ddb3db340627
1970-02-10,214,,,f445ecf6f36567fe
1970-02-10,223,,,c409ee930c1e51d9
1970-02-10,31,,,3a51ddb3db340627
1970-02-10,2098,,,3a51ddb3db340627
1970-02-10,44,,,f445ecf6f36567fe
1970-02-10,2130,,,c409ee930c1e51d9
1970-02-10,2,,,f445ecf6f36567fe
1970-02-10,2,,,c409ee930c1e51d9
1970-02-10,132,,,f445ecf6f36567fe
1970-02-10,81,,,c409ee930c1e51d9
1970-02-10,181,,,f445ecf6f36567fe
1970-02-10,2049,,,3a51ddb3db340627
1970-02-10,0,,,3a51ddb3db340627
1970-02-10,264,,,c409ee930c1e51d9
1970-02-10,647,,,c409ee930c1e51d9
1970-02-10,77,,,f445ecf6f36567fe
1970-02-10,2203,,,c409ee930c1e51d9
1970-02-10,2199,,,3a51ddb3db340627
1970-02-10,25,,,f445ecf6f36567fe
1970-02-10,2181,,,c409ee930c1e51d9
1970-02-10,21,,,3a51ddb3db340627
1970-02-10,14,,,f445ecf6f36567fe
1970-02-10,25,,,c409ee930c1e51d9
1970-02-10,40,,,3a51ddb3db340627
1970-02-10,8,,,f445ecf6f36567fe
1970-02-10,40,,,c409ee930c1e51d9
1970-02-10,2160,,,3a51ddb3db340627
1970-02-10,5,,,3a51ddb3db340627
1970-02-10,59,,,f445ecf6f36567fe
1970-02-10,2180,,,c409ee930c1e51d9
1970-02-10,2,,,f445ecf6f36567fe
1970-02-10,7,,,c409ee930c1e51d9
1970-02-10,15,,,3a51ddb3db340627
1970-02-10,24,,,f445ecf6f36567fe
1970-02-10,39,,,c409ee930c1e51d9
1970-02-10,111,,,3a51ddb3db340627
1970-02-10,17,,,3a51ddb3db340627
1970-02-10,29,,,3a51ddb3db340627
1970-02-10,86,,,f445ecf6f36567fe
1970-02-10,86,,,c409ee930c1e51d9
1970-02-10,47,,,f445ecf6f36567fe
1970-02-10,58,,,c409ee930c1e51d9
1970-02-10,243,,,f445ecf6f36567fe
1970-02-10,76,,,3a51ddb3db340627
1970-02-10,275,,,f445ecf6f36567fe
1970-02-10,2217,,,c409ee930c1e51d9
1970-02-10,20,,,f445ecf6f36567fe
1970-02-10,76,,,c409ee930c1e51d9
1970-02-10,2128,,,3a51ddb3db340627
1970-02-10,5,,,3a51ddb3db340627
1970-02-10,125,,,3a51ddb3db340627
1970-02-10,2170,,,3a51ddb3db340627
1970-02-10,46,,,f445ecf6f36567fe
1970-02-10,2188,,,c409ee930c1e51d9
1970-02-10,86,,,f445ecf6f36567fe
1970-02-10,171,,,c409ee930c1e51d9
1970-02-10,68,,,f445ecf6f36567fe
1970-02-10,2112,,,c409ee930c1e51d9
1970-02-10,20,,,f445ecf6f36567fe
1970-02-10,23,,,c409ee930c1e51d9
1970-02-10,2014,,,3a51ddb3db340627
1970-02-10,23,,,f445ecf6f36567fe
1970-02-10,2031,,,c409ee930c1e51d9
1970-02-10,66,,,f445ecf6f36567fe
1970-02-10,66,,,c409ee930c1e51d9
1970-02-10,0,,,3a51ddb3db340627
1970-02-10,1,,,f445ecf6f36567fe
1970-02-10,1,,,c409ee930c1e51d9
1970-02-10,77,,,3a51ddb3db340627
1970-02-10,183,,,f445ecf6f36567fe
1970-02-10,180,,,c409ee930c1e51d9
1970-02-10,2049,,,3a51ddb3db340627
1970-02-10,39,,,f445ecf6f36567fe
1970-02-10,2088,,,c409ee930c1e51d9
1970-02-10,64,,,f445ecf6f36567fe
1970-02-10,64,,,c409ee930c1e51d9
1970-02-10,38,,,f445ecf6f36567fe
1970-02-10,2,,,c409ee930c1e51d9
1970-02-10,2,,,f445ecf6f36567fe
1970-02-10,34,,,c409ee930c1e51d9
1970-02-10,20,,,c409ee930c1e51d9
1970-02-10,46,,,3a51ddb3db340627
1970-02-10,28,,,3a51ddb3db340627
1970-02-10,131,,,f445ecf6f36567fe
1970-02-10,98,,,c409ee930c1e51d9
1970-02-10,18,,,f445ecf6f36567fe
1970-02-10,36,,,c409ee930c1e51d9
1970-02-10,7,,,3a51ddb3db340627
1970-02-10,2016,,,3a51ddb3db340627
1970-02-10,47,,,f445ecf6f36567fe
1970-02-10,2039,,,c409ee930c1e51d9
1970-02-10,24,,,f445ecf6f36567fe
1970-02-10,12,,,c409ee930c1e51d9
1970-02-10,93,,,3a51ddb3db340627
1970-02-10,22,,,36f6dfba41939907
1970-02-10,143,,,f445ecf6f36567fe
1970-02-10,1961,,,3a51ddb3db340627
1970-02-10,266,,,f445ecf6f36567fe
1970-02-10,2092,,,c409ee930c1e51d9
1970-02-10,1967,,,3a51ddb3db340627
1970-02-10,159,,,f445ecf6f36567fe
1970-02-10,2099,,,c409ee930c1e51d9
1970-02-10,153,,,3a51ddb3db340627
1970-02-10,58,,,f445ecf6f36567fe
1970-02-10,166,,,c409ee930c1e51d9
1970-02-10,64,,,3a51ddb3db340627
1970-02-10,1787,,,3a51ddb3db340627
1970-02-10,117,,,f445ecf6f36567fe
1970-02-10,1894,,,c409ee930c1e51d9
1970-02-10,34,,,f445ecf6f36567fe
1970-02-10,132,,,c409ee930c1e51d9
1970-02-10,22,,,c409ee930c1e51d9
1970-02-10,18,,,36f6dfba41939907
1970-02-10,18,,,c409ee930c1e51d9
1970-02-10,2112,,,c409ee930c1e51d9
1970-02-10,102,,,3a51ddb3db340627
1970-02-10,2052,,,3a51ddb3db340627
1970-02-10,60,,,3a51ddb3db340627
1970-02-10,31,,,3a51ddb3db340627
1970-02-10,1,,,3a51ddb3db340627
1970-02-10,361,,,c409ee930c1e51d9
1970-02-10,25,,,c409ee930c1e51d9
1970-02-10,2043,,,c409ee930c1e51d9
1970-02-10,2014,,,3a51ddb3db340627
1970-02-10,23,,,f65e0d95471c9549
1970-02-10,56,,,f65e0d95471c9549
1970-02-10,347,,,f65e0d95471c9549
1970-02-10,8,,,3a51ddb3db340627
1970-02-10,202,,,3a51ddb3db340627
1970-02-10,44,,,3a51ddb3db340627
1970-02-10,126,,,3a51ddb3db340627
1970-02-10,61,,,f65e0d95471c9549
1970-02-10,107,,,3a51ddb3db340627
1970-02-10,244,,,f65e0d95471c9549
1970-02-10,245,,,c409ee930c1e51d9
1970-02-10,1910,,,c409ee930c1e51d9
1970-02-10,47,,,c409ee930c1e51d9
1970-02-10,2295,,,3a51ddb3db340627
1970-02-10,324,,,c409ee930c1e51d9
1970-02-10,1886,,,3a51ddb3db340627
1970-02-10,295,,,f65e0d95471c9549
1970-02-10,3,,,f65e0d95471c9549
1970-02-10,52,,,f65e0d95471c9549
1970-02-10,105,,,c409ee930c1e51d9
1970-02-10,22,,,f65e0d95471c9549
1970-02-10,98,,,c409ee930c1e51d9
1970-02-10,59,,,c409ee930c1e51d9
1970-02-10,8,,,3a51ddb3db340627
1970-02-10,319,,,c409ee930c1e51d9
1970-02-10,24,,,f65e0d95471c9549
1970-02-10,10,,,c409ee930c1e51d9
1970-02-10,11,,,c409ee930c1e51d9
1970-02-10,2,,,3a51ddb3db340627
1970-02-10,59,,,f65e0d95471c9549
1970-02-10,59,,,c409ee930c1e51d9
1970-02-10,2,,,3a51ddb3db340627
1970-02-10,2136,,,3a51ddb3db340627
1970-02-10,2278,,,c409ee930c1e51d9
1970-02-10,317,,,f65e0d95471c9549
1970-02-10,24,,,f65e0d95471c9549
1970-02-10,344,,,3a51ddb3db340627
1970-02-10,62,,,c409ee930c1e51d9
1970-02-10,47,,,f65e0d95471c9549
1970-02-10,24,,,c409ee930c1e51d9
1970-02-10,18,,,3a51ddb3db340627
1970-02-10,2183,,,3a51ddb3db340627
1970-02-10,2211,,,c409ee930c1e51d9
1970-02-10,254,,,f65e0d95471c9549
1970-02-10,56,,,f65e0d95471c9549
1970-02-10,255,,,c409ee930c1e51d9
1970-02-10,130,,,3a51ddb3db340627
1970-02-10,94,,,f65e0d95471c9549
1970-02-10,38,,,f65e0d95471c9549
1970-02-10,0,,,f65e0d95471c9549
1970-02-10,89,,,f65e0d95471c9549
1970-02-10,51,,,f65e0d95471c9549
1970-02-10,0,,,c409ee930c1e51d9
1970-02-10,251,,,3a51ddb3db340627
1970-02-10,231,,,3a51ddb3db340627
1970-02-10,2294,,,3a51ddb3db340627
1970-02-10,447,,,c409ee930c1e51d9
1970-02-10,412,,,f65e0d95471c9549
1970-02-10,1911,,,3a51ddb3db340627
1970-02-10,1912,,,c409ee930c1e51d9
1970-02-10,202,,,f65e0d95471c9549
1970-02-10,173,,,3a51ddb3db340627
1970-02-10,1890,,,3a51ddb3db340627
1970-02-10,5,,,3a51ddb3db340627
1970-02-10,175,,,f65e0d95471c9549
1970-02-10,30,,,c409ee930c1e51d9
1970-02-10,0,,,3a51ddb3db340627
1970-02-10,18,,,f65e0d95471c9549
1970-02-10,30,,,f65e0d95471c9549
1970-02-10,2,,,3a51ddb3db340627
1970-02-10,1895,,,3a51ddb3db340627
1970-02-10,18,,,c409ee930c1e51d9
1970-02-10,1979,,,c409ee930c1e51d9
1970-02-10,117,,,f65e0d95471c9549
1970-02-10,1949,,,c409ee930c1e51d9
1970-02-10,2085,,,c409ee930c1e51d9
1970-02-10,12,,,f65e0d95471c9549
1970-02-10,12,,,c409ee930c1e51d9
1970-02-10,53,,,f65e0d95471c9549
1970-02-10,2,,,c409ee930c1e51d9
1970-02-10,171,,,f65e0d95471c9549
1970-02-10,167,,,c409ee930c1e51d9
1970-02-10,45,,,f65e0d95471c9549
1970-02-10,77,,,c409ee930c1e51d9
1970-02-10,0,,,3a51ddb3db340627
1970-02-10,10,,,c409ee930c1e51d9
1970-02-10,36,,,f65e0d95471c9549
1970-02-10,36,,,c409ee930c1e51d9
1970-02-10,267,,,c409ee930c1e51d9
1970-02-10,227,,,c409ee930c1e51d9
1970-02-10,257,,,c409ee930c1e51d9
1970-02-10,2469,,,c409ee930c1e51d9
1970-02-10,47,,,f65e0d95471c9549
1970-02-10,27,,,f65e0d95471c9549
1970-02-10,2319,,,c409ee930c1e51d9
1970-02-10,294,,,3a51ddb3db340627
1970-02-10,329,,,f65e0d95471c9549
1970-02-10,44,,,3a51ddb3db340627
1970-02-10,212,,,f65e0d95471c9549
1970-02-10,210,,,3a51ddb3db340627
1970-02-10,392,,,f65e0d95471c9549
1970-02-10,47,,,c409ee930c1e51d9
1970-02-10,13,,,c409ee930c1e51d9
1970-02-10,23,,,f65e0d95471c9549
1970-02-10,88,,,c409ee930c1e51d9
1970-02-10,77,,,3a51ddb3db340627
1970-02-10,405,,,c409ee930c1e51d9
1970-02-10,184,,,f65e0d95471c9549
1970-02-10,2060,,,c409ee930c1e51d9
1970-02-10,0,,,f65e0d95471c9549
1970-02-10,262,,,f65e0d95471c9549
1970-02-10,13,,,3a51ddb3db340627
1970-02-10,41,,,c409ee930c1e51d9
1970-02-10,209,,,3a51ddb3db340627
1970-02-10,2,,,3a51ddb3db340627
1970-02-10,288,,,c409ee930c1e51d9
1970-02-10,41,,,f65e0d95471c9549
1970-02-10,207,,,f65e0d95471c9549
1970-02-10,1880,,,3a51ddb3db340627
1970-02-10,10,,,f65e0d95471c9549
1970-02-10,82,,,f445ecf6f36567fe
1970-02-10,45,,,3a51ddb3db340627
1970-02-10,2045,,,3a51ddb3db340627
1970-02-10,5,,,c409ee930c1e51d9
1970-02-10,0,,,36f6dfba41939907
1970-02-10,0,,,c409ee930c1e51d9
1970-02-10,2088,,,3a51ddb3db340627
1970-02-10,261,,,36f6dfba41939907
1970-02-10,2241,,,c409ee930c1e51d9
1970-02-10,4,,,3a51ddb3db340627
1970-02-10,70,,,36f6dfba41939907
1970-02-10,70,,,c409ee930c1e51d9
1970-02-10,20,,,36f6dfba41939907
1970-02-10,20,,,c409ee930c1e51d9
1970-02-10,2027,,,3a51ddb3db340627
1970-02-10,19,,,36f6dfba41939907
1970-02-10,2027,,,c409ee930c1e51d9
1970-02-10,0,,,36f6dfba41939907
1970-02-10,0,,,c409ee930c1e51d9
1970-02-10,3,,,3a51ddb3db340627
1970-02-10,30,,,36f6dfba41939907
1970-02-10,30,,,c409ee930c1e51d9
1970-02-10,0,,,36f6dfba41939907
1970-02-10,0,,,c409ee930c1e51d9
1970-02-10,146,,,3a51ddb3db340627
1970-02-10,197,,,36f6dfba41939907
1970-02-10,207,,,c409ee930c1e51d9
1970-02-10,11,,,3a51ddb3db340627
1970-02-10,29,,,36f6dfba41939907
1970-02-10,29,,,c409ee930c1e51d9
1970-02-10,193,,,3a51ddb3db340627
1970-02-10,116,,,36f6dfba41939907
1970-02-10,5,,,36f6dfba41939907
1970-02-10,181,,,c409ee930c1e51d9
1970-02-10,145,,,c409ee930c1e51d9
1970-02-10,73,,,3a51ddb3db340627
1970-02-10,78,,,3a51ddb3db340627
1970-02-10,9,,,3a51ddb3db340627
1970-02-10,74,,,36f6dfba41939907
1970-02-10,88,,,c409ee930c1e51d9
1970-02-10,0,,,36f6dfba41939907
1970-02-10,9,,,c409ee930c1e51d9
1970-02-10,36,,,3a51ddb3db340627
1970-02-10,115,,,36f6dfba41939907
1970-02-10,100,,,c409ee930c1e51d9
1970-02-10,0,,,36f6dfba41939907
1970-02-10,0,,,c409ee930c1e51d9
1970-02-10,207,,,3a51ddb3db340627
1970-02-10,0,,,3a51ddb3db340627
1970-02-10,120,,,36f6dfba41939907
1970-02-10,247,,,c409ee930c1e51d9
1970-02-10,0,,,36f6dfba41939907
1970-02-10,0,,,c409ee930c1e51d9
1970-02-10,105,,,3a51ddb3db340627
1970-02-10,261,,,36f6dfba41939907
1970-02-10,262,,,c409ee930c1e51d9
1970-02-10,133,,,3a51ddb3db340627
1970-02-10,149,,,36f6dfba41939907
1970-02-10,223,,,c409ee930c1e51d9
1970-02-10,56,,,3a51ddb3db340627
1970-02-10,14,,,36f6dfba41939907
1970-02-10,33,,,c409ee930c1e51d9
1970-02-10,23,,,3a51ddb3db340627
1970-02-10,118,,,36f6dfba41939907
1970-02-10,123,,,c409ee930c1e51d9
1970-02-10,132,,,36f6dfba41939907
1970-02-10,1,,,36f6dfba41939907
1970-02-10,1,,,c409ee930c1e51d9
1970-02-10,1999,,,3a51ddb3db340627
1970-02-10,41,,,3a51ddb3db340627
1970-02-10,0,,,3a51ddb3db340627
1970-02-10,2051,,,3a51ddb3db340627
1970-02-10,12,,,f65e0d95471c9549
1970-02-10,114,,,f65e0d95471c9549
1970-02-10,2549,,,c409ee930c1e51d9
1970-02-10,4,,,c409ee930c1e51d9
1970-02-10,39,,,c409ee930c1e51d9
1970-02-10,168,,,f65e0d95471c9549
1970-02-10,33,,,f65e0d95471c9549
1970-02-10,2143,,,3a51ddb3db340627
1970-02-10,0,,,f65e0d95471c9549
1970-02-10,56,,,c409ee930c1e51d9
1970-02-10,113,,,c409ee930c1e51d9
1970-02-10,62,,,3a51ddb3db340627
1970-02-10,57,,,f65e0d95471c9549
1970-02-10,5,,,c409ee930c1e51d9
1970-02-10,238,,,f65e0d95471c9549
1970-02-10,3,,,f65e0d95471c9549
1970-02-10,5,,,3a51ddb3db340627
1970-02-10,4,,,3a51ddb3db340627
1970-02-10,0,,,3a51ddb3db340627
1970-02-10,420,,,f65e0d95471c9549
1970-02-10,128,,,3a51ddb3db340627
1970-02-10,2075,,,c409ee930c1e51d9
1970-02-10,7,,,c409ee930c1e51d9
1970-02-10,48,,,c409ee930c1e51d9
1970-02-10,235,,,c409ee930c1e51d9
1970-02-10,12,,,f65e0d95471c9549
1970-02-10,2070,,,c409ee930c1e51d9
1970-02-10,2155,,,c409ee930c1e51d9
1970-02-10,76,,,f65e0d95471c9549
1970-02-10,31,,,3a51ddb3db340627
1970-02-10,27,,,36f6dfba41939907
1970-02-10,1999,,,c409ee930c1e51d9
1970-02-10,0,,,3a51ddb3db340627
1970-02-10,0,,,c409ee930c1e51d9
1970-02-10,172,,,3a51ddb3db340627
1970-02-10,172,,,c409ee930c1e51d9
1970-02-10,1990,,,3a51ddb3db340627
1970-02-10,18,,,36f6dfba41939907
1970-02-10,34,,,3a51ddb3db340627
1970-02-10,1992,,,c409ee930c1e51d9
1970-02-10,25,,,f65e0d95471c9549
1970-02-10,130,,,3a51ddb3db340627
1970-02-10,0,,,3a51ddb3db340627
1970-02-10,241,,,3a51ddb3db340627
1970-02-10,8,,,f65e0d95471c9549
1970-02-10,185,,,c409ee930c1e51d9
1970-02-10,180,,,f65e0d95471c9549
1970-02-10,46,,,c409ee930c1e51d9
1970-02-10,336,,,c409ee930c1e51d9
1970-02-10,68,,,f65e0d95471c9549
1970-02-10,4,,,f65e0d95471c9549
1970-02-10,82,,,f65e0d95471c9549
1970-02-10,124,,,c409ee930c1e51d9
1970-02-10,49,,,c409ee930c1e51d9
1970-02-10,21,,,f65e0d95471c9549
1970-02-10,0,,,c409ee930c1e51d9
1970-02-10,93,,,3a51ddb3db340627
1970-02-10,263,,,f65e0d95471c9549
1970-02-10,12,,,c409ee930c1e51d9
1970-02-10,2633,,,3a51ddb3db340627
1970-02-10,0,,,f65e0d95471c9549
1970-02-10,586,,,3a51ddb3db340627
1970-02-10,2138,,,3a51ddb3db340627
1970-02-10,45,,,c409ee930c1e51d9
1970-02-10,0,,,3a51ddb3db340627
1970-02-10,34,,,f445ecf6f36567fe
1970-02-10,25,,,c409ee930c1e51d9
1970-02-10,5,,,3a51ddb3db340627
1970-02-10,0,,,3a51ddb3db340627
1970-02-10,6,,,c409ee930c1e51d9
1970-02-10,25,,,f445ecf6f36567fe
1970-02-10,8,,,f445ecf6f36567fe
1970-02-10,24,,,c409ee930c1e51d9
1970-02-10,0,,,3a51ddb3db340627
1970-02-10,0,,,f445ecf6f36567fe
1970-02-10,0,,,c409ee930c1e51d9
1970-02-10,1,,,3a51ddb3db340627
1970-02-10,67,,,3a51ddb3db340627
1970-02-10,185,,,f445ecf6f36567fe
1970-02-10,73,,,f445ecf6f36567fe
1970-02-10,74,,,c409ee930c1e51d9
1970-02-10,215,,,c409ee930c1e51d9
1970-02-10,84,,,3a51ddb3db340627
1970-02-10,279,,,f445ecf6f36567fe
1970-02-10,264,,,c409ee930c1e51d9
1970-02-10,24,,,3a51ddb3db340627
1970-02-10,125,,,f445ecf6f36567fe
1970-02-10,122,,,c409ee930c1e51d9
1970-02-10,4,,,f445ecf6f36567fe
1970-02-10,4,,,c409ee930c1e51d9
1970-02-10,70,,,3a51ddb3db340627
1970-02-10,0,,,3a51ddb3db340627
1970-02-10,0,,,3a51ddb3db340627
1970-02-10,115,,,c409ee930c1e51d9
1970-02-10,168,,,f445ecf6f36567fe
1970-02-10,90,,,f445ecf6f36567fe
1970-02-10,92,,,c409ee930c1e51d9
1970-02-10,4,,,c409ee930c1e51d9
1970-02-10,44,,,f445ecf6f36567fe
1970-02-10,45,,,c409ee930c1e51d9
1970-02-10,0,,,3a51ddb3db340627
1970-02-10,0,,,3a51ddb3db340627
1970-02-10,18,,,f445ecf6f36567fe
1970-02-10,2,,,c409ee930c1e51d9
1970-02-10,18,,,f445ecf6f36567fe
1970-02-10,15,,,c409ee930c1e51d9
1970-02-10,7,,,3a51ddb3db340627
1970-02-10,177,,,f445ecf6f36567fe
1970-02-10,121,,,c409ee930c1e51d9
1970-02-10,2,,,3a51ddb3db340627
1970-02-10,250,,,3a51ddb3db340627
1970-02-10,428,,,f445ecf6f36567fe
1970-02-10,473,,,c409ee930c1e51d9
1970-02-10,47,,,f445ecf6f36567fe
1970-02-10,34,,,c409ee930c1e51d9
1970-02-10,1,,,3a51ddb3db340627
1970-02-10,25,,,3a51ddb3db340627
1970-02-10,0,,,3a51ddb3db340627
1970-02-10,9,,,3a51ddb3db340627
1970-02-10,65,,,f445ecf6f36567fe
1970-02-10,64,,,c409ee930c1e51d9
1970-02-10,0,,,f445ecf6f36567fe
1970-02-10,0,,,c409ee930c1e51d9
1970-02-10,53,,,f445ecf6f36567fe
1970-02-10,54,,,c409ee930c1e51d9
1970-02-10,113,,,f445ecf6f36567fe
1970-02-10,70,,,3a51ddb3db340627
1970-02-10,174,,,c409ee930c1e51d9
1970-02-10,0,,,f445ecf6f36567fe
1970-02-10,0,,,c409ee930c1e51d9
1970-02-10,0,,,f445ecf6f36567fe
1970-02-10,0,,,c409ee930c1e51d9
1970-02-10,49,,,f445ecf6f36567fe
1970-02-10,22,,,c409ee930c1e51d9
1970-02-10,5,,,3a51ddb3db340627
1970-02-10,0,,,3a51ddb3db340627
1970-02-10,7,,,f445ecf6f36567fe
1970-02-10,5,,,c409ee930c1e51d9
1970-02-10,0,,,3a51ddb3db340627
1970-02-10,12,,,f445ecf6f36567fe
1970-02-10,3,,,c409ee930c1e51d9
1970-02-10,1,,,f445ecf6f36567fe
1970-02-10,1,,,c409ee930c1e51d9
1970-02-10,0,,,f445ecf6f36567fe
1970-02-10,0,,,c409ee930c1e51d9
1970-02-10,0,,,f445ecf6f36567fe
1970-02-10,0,,,c409ee930c1e51d9
1970-02-10,22,,,f445ecf6f36567fe
1970-02-10,22,,,c409ee930c1e51d9
1970-02-10,1,,,f445ecf6f36567fe
1970-02-10,1,,,c409ee930c1e51d9
1970-02-10,362,,,3a51ddb3db340627
1970-02-10,293,,,f445ecf6f36567fe
1970-02-10,388,,,c409ee930c1e51d9
1970-02-10,0,,,3a51ddb3db340627
1970-02-10,34,,,3a51ddb3db340627
1970-02-10,171,,,f445ecf6f36567fe
1970-02-10,179,,,c409ee930c1e51d9
1970-02-10,345,,,f445ecf6f36567fe
1970-02-10,208,,,c409ee930c1e51d9
1970-02-10,263,,,f445ecf6f36567fe
1970-02-10,0,,,3a51ddb3db340627
1970-02-10,17,,,3a51ddb3db340627
1970-02-10,12,,,f445ecf6f36567fe
1970-02-10,11,,,c409ee930c1e51d9
1970-02-10,119,,,3a51ddb3db340627
1970-02-10,156,,,f445ecf6f36567fe
1970-02-10,221,,,c409ee930c1e51d9
1970-02-10,20,,,3a51ddb3db340627
1970-02-10,160,,,f445ecf6f36567fe
1970-02-10,149,,,c409ee930c1e51d9
1970-02-10,6,,,f445ecf6f36567fe
1970-02-10,6,,,c409ee930c1e51d9
1970-02-10,5,,,f445ecf6f36567fe
1970-02-10,5,,,c409ee930c1e51d9
1970-02-10,5,,,f445ecf6f36567fe
1970-02-10,5,,,c409ee930c1e51d9
1970-02-10,16,,,f445ecf6f36567fe
1970-02-10,4,,,f445ecf6f36567fe
1970-02-10,0,,,f445ecf6f36567fe
1970-02-10,0,,,c409ee930c1e51d9
1970-02-10,22,,,3a51ddb3db340627
1970-02-10,5,,,3a51ddb3db340627
1970-02-10,145,,,f445ecf6f36567fe
1970-02-10,141,,,c409ee930c1e51d9
1970-02-10,5,,,f445ecf6f36567fe
1970-02-10,10,,,c409ee930c1e51d9
1970-02-10,164,,,3a51ddb3db340627
1970-02-10,258,,,f445ecf6f36567fe
1970-02-10,247,,,c409ee930c1e51d9
1970-02-10,31,,,3a51ddb3db340627
1970-02-10,21,,,f445ecf6f36567fe
1970-02-10,41,,,c409ee930c1e51d9
1970-02-10,4,,,c409ee930c1e51d9
1970-02-10,345,,,c409ee930c1e51d9
1970-02-10,0,,,3a51ddb3db340627
1970-02-10,76,,,c409ee930c1e51d9
1970-02-10,2182,,,c409ee930c1e51d9
1970-02-10,7,,,3a51ddb3db340627
1970-02-10,78,,,f445ecf6f36567fe
1970-02-10,61,,,c409ee930c1e51d9
1970-02-10,103,,,3a51ddb3db340627
1970-02-10,253,,,f445ecf6f36567fe
1970-02-10,221,,,c409ee930c1e51d9
1970-02-10,2157,,,3a51ddb3db340627
1970-02-10,162,,,f445ecf6f36567fe
1970-02-10,2285,,,c409ee930c1e51d9
1970-02-10,1,,,f445ecf6f36567fe
1970-02-10,1,,,c409ee930c1e51d9
1970-02-10,18,,,3a51ddb3db340627
1970-02-10,109,,,f445ecf6f36567fe
1970-02-10,116,,,c409ee930c1e51d9
1970-02-10,2155,,,3a51ddb3db340627
1970-02-10,140,,,f445ecf6f36567fe
1970-02-10,2244,,,c409ee930c1e51d9
1970-02-10,0,,,3a51ddb3db340627
1970-02-10,31,,,f445ecf6f36567fe
1970-02-10,31,,,c409ee930c1e51d9
1970-02-10,13,,,f445ecf6f36567fe
1970-02-10,13,,,c409ee930c1e51d9
1970-02-10,44,,,f445ecf6f36567fe
1970-02-10,44,,,c409ee930c1e51d9
1970-02-10,2196,,,3a51ddb3db340627
1970-02-10,70,,,f445ecf6f36567fe
1970-02-10,2227,,,c409ee930c1e51d9
1970-02-10,42,,,3a51ddb3db340627
1970-02-10,192,,,f445ecf6f36567fe
1970-02-10,85,,,f445ecf6f36567fe
1970-02-10,2038,,,3a51ddb3db340627
1970-02-10,23,,,f445ecf6f36567fe
1970-02-10,189,,,f445ecf6f36567fe
1970-02-10,230,,,c409ee930c1e51d9
1970-02-10,1950,,,f445ecf6f36567fe
1970-02-10,1950,,,c409ee930c1e51d9
1970-02-10,34,,,3a51ddb3db340627
1970-02-10,169,,,f445ecf6f36567fe
1970-02-10,120,,,c409ee930c1e51d9
1970-02-10,42,,,3a51ddb3db340627
1970-02-10,142,,,f445ecf6f36567fe
1970-02-10,137,,,c409ee930c1e51d9
1970-02-10,0,,,3a51ddb3db340627
1970-02-10,1938,,,3a51ddb3db340627
1970-02-10,87,,,f445ecf6f36567fe
1970-02-10,1966,,,c409ee930c1e51d9
1970-02-10,2,,,f445ecf6f36567fe
1970-02-10,2,,,c409ee930c1e51d9
1970-02-10,53,,,3a51ddb3db340627
1970-02-10,165,,,f445ecf6f36567fe
1970-02-10,166,,,c409ee930c1e51d9
1970-02-10,611,,,3a51ddb3db340627
1970-02-10,216,,,f445ecf6f36567fe
1970-02-10,736,,,c409ee930c1e51d9
1970-02-10,247,,,3a51ddb3db340627
1970-02-10,132,,,f445ecf6f36567fe
1970-02-10,366,,,c409ee930c1e51d9
1970-02-10,2031,,,3a51ddb3db340627
1970-02-10,201,,,f445ecf6f36567fe
1970-02-10,2179,,,c409ee930c1e51d9
1970-02-10,5,,,3a51ddb3db340627
1970-02-10,20,,,c409ee930c1e51d9
1970-02-10,109,,,c409ee930c1e51d9
1970-02-10,2112,,,3a51ddb3db340627
1970-02-10,176,,,f445ecf6f36567fe
1970-02-10,3,,,c409ee930c1e51d9
1970-02-10,5,,,f445ecf6f36567fe
1970-02-10,5,,,3a51ddb3db340627
1970-02-10,88,,,3a51ddb3db340627
1970-02-10,10,,,c409ee930c1e51d9
1970-02-10,224,,,f445ecf6f36567fe
1970-02-10,304,,,c409ee930c1e51d9
1970-02-10,80,,,f445ecf6f36567fe
1970-02-10,80,,,c409ee930c1e51d9
1970-02-10,199,,,3a51ddb3db340627
1970-02-10,31,,,3a51ddb3db340627
1970-02-10,0,,,3a51ddb3db340627
1970-02-10,15,,,3a51ddb3db340627
1970-02-10,55,,,f445ecf6f36567fe
1970-02-10,52,,,c409ee930c1e51d9
1970-02-10,95,,,f445ecf6f36567fe
1970-02-10,116,,,c409ee930c1e51d9
1970-02-10,757,,,f445ecf6f36567fe
1970-02-10,695,,,c409ee930c1e51d9
1970-02-10,11,,,3a51ddb3db340627
1970-02-10,16,,,3a51ddb3db340627
1970-02-10,33,,,f445ecf6f36567fe
1970-02-10,29,,,c409ee930c1e51d9
1970-02-10,2,,,f445ecf6f36567fe
1970-02-10,11,,,c409ee930c1e51d9
1970-02-10,127,,,f445ecf6f36567fe
1970-02-10,122,,,c409ee930c1e51d9
1970-02-10,11,,,3a51ddb3db340627
1970-02-10,113,,,f445ecf6f36567fe
1970-02-10,3,,,f445ecf6f36567fe
1970-02-10,29,,,c409ee930c1e51d9
1970-02-10,29,,,f445ecf6f36567fe
1970-02-10,0,,,3a51ddb3db340627
1970-02-10,2239,,,c409ee930c1e51d9
1970-02-10,6,,,3a51ddb3db340627
1970-02-10,11,,,f445ecf6f36567fe
1970-02-10,6,,,c409ee930c1e51d9
1970-02-10,2112,,,3a51ddb3db340627
1970-02-10,0,,,3a51ddb3db340627
1970-02-10,26,,,3a51ddb3db340627
1970-02-10,243,,,f445ecf6f36567fe
1970-02-10,2270,,,c409ee930c1e51d9
1970-02-10,31,,,f445ecf6f36567fe
1970-02-10,20,,,c409ee930c1e51d9
1970-02-10,57,,,f445ecf6f36567fe
1970-02-10,78,,,c409ee930c1e51d9
1970-02-10,65,,,3a51ddb3db340627
1970-02-10,1,,,3a51ddb3db340627
1970-02-10,187,,,f445ecf6f36567fe
1970-02-10,70,,,3a51ddb3db340627
1970-02-10,142,,,f445ecf6f36567fe
1970-02-10,162,,,c409ee930c1e51d9
1970-02-10,133,,,3a51ddb3db340627
1970-02-10,291,,,f445ecf6f36567fe
1970-02-10,281,,,c409ee930c1e51d9
1970-02-10,60,,,3a51ddb3db340627
1970-02-10,237,,,f445ecf6f36567fe
1970-02-10,215,,,c409ee930c1e51d9
1970-02-10,2184,,,3a51ddb3db340627
1970-02-10,184,,,f445ecf6f36567fe
1970-02-10,2339,,,c409ee930c1e51d9
1970-02-10,101,,,f445ecf6f36567fe
1970-02-10,101,,,c409ee930c1e51d9
1970-02-10,162,,,c409ee930c1e51d9
1970-02-10,8,,,c409ee930c1e51d9
1970-02-10,2100,,,3a51ddb3db340627
1970-02-10,2167,,,c409ee930c1e51d9
1970-02-10,11,,,f445ecf6f36567fe
1970-02-10,11,,,c409ee930c1e51d9
1970-02-10,46,,,f445ecf6f36567fe
1970-02-10,39,,,c409ee930c1e51d9
1970-02-10,15,,,3a51ddb3db340627
1970-02-10,52,,,f445ecf6f36567fe
1970-02-10,17,,,c409ee930c1e51d9
1970-02-10,3,,,3a51ddb3db340627
1970-02-10,35,,,f445ecf6f36567fe
1970-02-10,28,,,c409ee930c1e51d9
1970-02-10,39,,,3a51ddb3db340627
1970-02-10,90,,,3a51ddb3db340627
1970-02-10,56,,,f445ecf6f36567fe
1970-02-10,118,,,c409ee930c1e51d9
1970-02-10,39,,,3a51ddb3db340627
1970-02-10,119,,,c409ee930c1e51d9
1970-02-10,97,,,f445ecf6f36567fe
1970-02-10,137,,,f445ecf6f36567fe
1970-02-10,73,,,c409ee930c1e51d9
1970-02-10,41,,,3a51ddb3db340627
1970-02-10,67,,,f445ecf6f36567fe
1970-02-10,54,,,c409ee930c1e51d9
1970-02-10,2257,,,3a51ddb3db340627
1970-02-10,29,,,f445ecf6f36567fe
1970-02-10,2278,,,c409ee930c1e51d9
1970-02-10,28,,,3a51ddb3db340627
1970-02-10,52,,,f445ecf6f36567fe
1970-02-10,60,,,c409ee930c1e51d9
1970-02-10,18,,,3a51ddb3db340627
1970-02-10,11,,,3a51ddb3db340627
1970-02-10,90,,,f445ecf6f36567fe
1970-02-10,37,,,3a51ddb3db340627
1970-02-10,353,,,f445ecf6f36567fe
1970-02-10,321,,,f445ecf6f36567fe
1970-02-10,311,,,c409ee930c1e51d9
1970-02-10,2002,,,3a51ddb3db340627
1970-02-10,203,,,3a51ddb3db340627
1970-02-10,269,,,f445ecf6f36567fe
1970-02-10,2196,,,c409ee930c1e51d9
1970-02-10,10,,,f445ecf6f36567fe
1970-02-10,212,,,c409ee930c1e51d9
1970-02-10,31,,,f445ecf6f36567fe
1970-02-10,31,,,c409ee930c1e51d9
1970-02-10,37,,,3a51ddb3db340627
1970-02-10,78,,,f445ecf6f36567fe
1970-02-10,95,,,c409ee930c1e51d9
1970-02-10,72,,,3a51ddb3db340627
1970-02-10,240,,,f445ecf6f36567fe
1970-02-10,240,,,c409ee930c1e51d9
1970-02-10,146,,,3a51ddb3db340627
1970-02-10,127,,,f445ecf6f36567fe
1970-02-10,164,,,c409ee930c1e51d9
1970-02-10,367,,,3a51ddb3db340627
1970-02-10,298,,,f445ecf6f36567fe
1970-02-10,472,,,c409ee930c1e51d9
1970-02-10,20,,,3a51ddb3db340627
1970-02-10,2188,,,3a51ddb3db340627
1970-02-10,30,,,f445ecf6f36567fe
1970-02-10,49,,,f445ecf6f36567fe
1970-02-10,2140,,,c409ee930c1e51d9
1970-02-10,42,,,c409ee930c1e51d9
1970-02-10,14,,,3a51ddb3db340627
1970-02-10,358,,,c409ee930c1e51d9
1970-02-10,68,,,c409ee930c1e51d9
1970-02-10,89,,,3a51ddb3db340627
1970-02-10,63,,,f445ecf6f36567fe
1970-02-10,2249,,,c409ee930c1e51d9
1970-02-10,66,,,3a51ddb3db340627
1970-02-10,35,,,f445ecf6f36567fe
1970-02-10,72,,,c409ee930c1e51d9
1970-02-10,2130,,,3a51ddb3db340627
1970-02-10,0,,,3a51ddb3db340627
1970-02-10,100,,,f445ecf6f36567fe
1970-02-10,2211,,,c409ee930c1e51d9
1970-02-10,0,,,f445ecf6f36567fe
1970-02-10,0,,,c409ee930c1e51d9
1970-02-10,2137,,,3a51ddb3db340627
1970-02-10,95,,,f445ecf6f36567fe
1970-02-10,11,,,f445ecf6f36567fe
1970-02-10,11,,,c409ee930c1e51d9
1970-02-10,2176,,,c409ee930c1e51d9
1970-02-10,2047,,,3a51ddb3db340627
1970-02-10,24,,,f445ecf6f36567fe
1970-02-10,2067,,,c409ee930c1e51d9
1970-02-10,4,,,3a51ddb3db340627
1970-02-10,25,,,f445ecf6f36567fe
1970-02-10,18,,,c409ee930c1e51d9
1970-02-10,2218,,,3a51ddb3db340627
1970-02-10,89,,,3a51ddb3db340627
1970-02-10,38,,,3a51ddb3db340627
1970-02-10,18,,,f445ecf6f36567fe
1970-02-10,2233,,,c409ee930c1e51d9
1970-02-10,62,,,f445ecf6f36567fe
1970-02-10,102,,,c409ee930c1e51d9
1970-02-10,39,,,f445ecf6f36567fe
1970-02-10,30,,,f445ecf6f36567fe
1970-02-10,2242,,,3a51ddb3db340627
1970-02-10,3,,,c409ee930c1e51d9
1970-02-10,3,,,f445ecf6f36567fe
1970-02-10,116,,,c409ee930c1e51d9
1970-02-10,5,,,3a51ddb3db340627
1970-02-10,21,,,f445ecf6f36567fe
1970-02-10,22,,,c409ee930c1e51d9
1970-02-10,1,,,f445ecf6f36567fe
1970-02-10,1,,,c409ee930c1e51d9
1970-02-10,2214,,,3a51ddb3db340627
1970-02-10,58,,,f445ecf6f36567fe
1970-02-10,2263,,,c409ee930c1e51d9
1970-02-10,0,,,f445ecf6f36567fe
1970-02-10,0,,,c409ee930c1e51d9
1970-02-10,31,,,3a51ddb3db340627
1970-02-10,54,,,f445ecf6f36567fe
1970-02-10,69,,,c409ee930c1e51d9
1970-02-10,170,,,3a51ddb3db340627
1970-02-10,2162,,,3a51ddb3db340627
1970-02-10,2169,,,c409ee930c1e51d9
1970-02-10,45,,,3a51ddb3db340627
1970-02-10,31,,,3a51ddb3db340627
1970-02-10,72,,,f445ecf6f36567fe
1970-02-10,73,,,c409ee930c1e51d9
1970-02-10,39,,,3a51ddb3db340627
1970-02-10,27,,,f445ecf6f36567fe
1970-02-10,42,,,f445ecf6f36567fe
1970-02-10,33,,,c409ee930c1e51d9
1970-02-10,44,,,c409ee930c1e51d9
1970-02-10,2140,,,3a51ddb3db340627
1970-02-10,47,,,f445ecf6f36567fe
1970-02-10,2172,,,c409ee930c1e51d9
1970-02-10,0,,,3a51ddb3db340627
1970-02-10,35,,,f445ecf6f36567fe
1970-02-10,129,,,f445ecf6f36567fe
1970-02-10,91,,,c409ee930c1e51d9
1970-02-10,41,,,3a51ddb3db340627
1970-02-10,61,,,f445ecf6f36567fe
1970-02-10,89,,,c409ee930c1e51d9
1970-02-10,2172,,,3a51ddb3db340627
1970-02-10,72,,,f445ecf6f36567fe
1970-02-10,2196,,,c409ee930c1e51d9
1970-02-10,21,,,3a51ddb3db340627
1970-02-10,0,,,3a51ddb3db340627
1970-02-10,0,,,3a51ddb3db340627
1970-02-10,175,,,f445ecf6f36567fe
1970-02-10,144,,,c409ee930c1e51d9
1970-02-10,14,,,c409ee930c1e51d9
1970-02-10,20,,,f445ecf6f36567fe
1970-02-10,14,,,f445ecf6f36567fe
1970-02-10,20,,,c409ee930c1e51d9
1970-02-10,74,,,f445ecf6f36567fe
1970-02-10,29,,,c409ee930c1e51d9
1970-02-10,0,,,f445ecf6f36567fe
1970-02-10,0,,,c409ee930c1e51d9
1970-02-10,2297,,,3a51ddb3db340627
1970-02-10,689,,,f445ecf6f36567fe
1970-02-10,2830,,,c409ee930c1e51d9
1970-02-10,7,,,f445ecf6f36567fe
1970-02-10,7,,,c409ee930c1e51d9
1970-02-10,5,,,3a51ddb3db340627
1970-02-10,26,,,3a51ddb3db340627
1970-02-10,148,,,f445ecf6f36567fe
1970-02-10,144,,,c409ee930c1e51d9
1970-02-10,54,,,f445ecf6f36567fe
1970-02-10,55,,,c409ee930c1e51d9
1970-02-10,115,,,3a51ddb3db340627
1970-02-10,4,,,3a51ddb3db340627
1970-02-10,2260,,,c409ee930c1e51d9
1970-02-10,2162,,,3a51ddb3db340627
1970-02-10,74,,,3a51ddb3db340627
1970-02-10,185,,,f445ecf6f36567fe
1970-02-10,184,,,c409ee930c1e51d9
1970-02-10,65,,,3a51ddb3db340627
1970-02-10,226,,,f445ecf6f36567fe
1970-02-10,252,,,c409ee930c1e51d9
1970-02-10,0,,,f445ecf6f36567fe
1970-02-10,0,,,c409ee930c1e51d9
1970-02-10,0,,,f445ecf6f36567fe
1970-02-10,0,,,c409ee930c1e51d9
1970-02-10,119,,,3a51ddb3db340627
1970-02-10,291,,,f445ecf6f36567fe
1970-02-10,295,,,c409ee930c1e51d9
1970-02-10,2215,,,3a51ddb3db340627
1970-02-10,220,,,f445ecf6f36567fe
1970-02-10,2301,,,c409ee930c1e51d9
1970-02-10,28,,,3a51ddb3db340627
1970-02-10,147,,,3a51ddb3db340627
1970-02-10,199,,,f445ecf6f36567fe
1970-02-10,331,,,c409ee930c1e51d9
1970-02-10,15,,,f445ecf6f36567fe
1970-02-10,15,,,c409ee930c1e51d9
1970-02-10,71,,,f445ecf6f36567fe
1970-02-10,77,,,c409ee930c1e51d9
1970-02-10,20,,,f445ecf6f36567fe
1970-02-10,20,,,c409ee930c1e51d9
1970-02-10,200,,,3a51ddb3db340627
1970-02-10,110,,,f445ecf6f36567fe
1970-02-10,282,,,c409ee930c1e51d9
1970-02-10,178,,,f445ecf6f36567fe
1970-02-10,27,,,f445ecf6f36567fe
1970-02-10,20,,,c409ee930c1e51d9
1970-02-10,99,,,3a51ddb3db340627
1970-02-10,8,,,f445ecf6f36567fe
1970-02-10,8,,,c409ee930c1e51d9
1970-02-10,18,,,f445ecf6f36567fe
1970-02-10,18,,,c409ee930c1e51d9
1970-02-10,34,,,f445ecf6f36567fe
1970-02-10,34,,,c409ee930c1e51d9
1970-02-10,192,,,3a51ddb3db340627
1970-02-10,108,,,f445ecf6f36567fe
1970-02-10,255,,,c409ee930c1e51d9
1970-02-10,6,,,3a51ddb3db340627
1970-02-10,22,,,f445ecf6f36567fe
1970-02-10,17,,,c409ee930c1e51d9
1970-02-10,2102,,,3a51ddb3db340627
1970-02-10,53,,,f445ecf6f36567fe
1970-02-10,2153,,,c409ee930c1e51d9
1970-02-10,118,,,3a51ddb3db340627
1970-02-10,64,,,f445ecf6f36567fe
1970-02-10,140,,,c409ee930c1e51d9
1970-02-10,28,,,f445ecf6f36567fe
1970-02-10,28,,,c409ee930c1e51d9
1970-02-10,131,,,3a51ddb3db340627
1970-02-10,17,,,f445ecf6f36567fe
1970-02-10,148,,,c409ee930c1e51d9
1970-02-10,2,,,3a51ddb3db340627
1970-02-10,56,,,f445ecf6f36567fe
1970-02-10,51,,,c409ee930c1e51d9
1970-02-10,2030,,,3a51ddb3db340627
1970-02-10,199,,,f445ecf6f36567fe
1970-02-10,2131,,,c409ee930c1e51d9
1970-02-10,2180,,,c409ee930c1e51d9
1970-02-10,86,,,f445ecf6f36567fe
1970-02-10,2094,,,3a51ddb3db340627
1970-02-10,249,,,c409ee930c1e51d9
1970-02-10,184,,,f445ecf6f36567fe
1970-02-10,183,,,c409ee930c1e51d9
1970-02-10,2144,,,3a51ddb3db340627
1970-02-10,148,,,f445ecf6f36567fe
1970-02-10,2230,,,c409ee930c1e51d9
1970-02-10,12,,,3a51ddb3db340627
1970-02-10,100,,,f445ecf6f36567fe
1970-02-10,41,,,c409ee930c1e51d9
1970-02-10,9,,,3a51ddb3db340627
1970-02-10,165,,,f445ecf6f36567fe
1970-02-10,161,,,c409ee930c1e51d9
1970-02-10,0,,,f445ecf6f36567fe
1970-02-10,0,,,c409ee930c1e51d9
1970-02-10,6,,,3a51ddb3db340627
1970-02-10,81,,,f445ecf6f36567fe
1970-02-10,86,,,f445ecf6f36567fe
1970-02-10,8,,,3a51ddb3db340627
1970-02-10,83,,,f445ecf6f36567fe
1970-02-10,85,,,c409ee930c1e51d9
1970-02-10,61,,,3a51ddb3db340627
1970-02-10,89,,,f445ecf6f36567fe
1970-02-10,115,,,c409ee930c1e51d9
1970-02-10,11,,,3a51ddb3db340627
1970-02-10,96,,,f445ecf6f36567fe
1970-02-10,84,,,c409ee930c1e51d9
1970-02-10,358,,,3a51ddb3db340627
1970-02-10,173,,,f445ecf6f36567fe
1970-02-10,469,,,c409ee930c1e51d9
1970-02-10,64,,,3a51ddb3db340627
1970-02-10,267,,,f445ecf6f36567fe
1970-02-10,92,,,c409ee930c1e51d9
1970-02-10,79,,,3a51ddb3db340627
1970-02-10,2,,,f65e0d95471c9549
1970-02-10,0,,,c409ee930c1e51d9
1970-02-10,136,,,f65e0d95471c9549
1970-02-10,0,,,f65e0d95471c9549
1970-02-10,1788,,,3a51ddb3db340627
1970-02-10,0,,,c409ee930c1e51d9
1970-02-10,22,,,3a51ddb3db340627
1970-02-10,79,,,c409ee930c1e51d9
1970-02-10,0,,,3a51ddb3db340627
1970-02-10,50,,,f65e0d95471c9549
1970-02-10,120,,,c409ee930c1e51d9
1970-02-10,153,,,c409ee930c1e51d9
1970-02-10,1915,,,c409ee930c1e51d9
1970-02-10,3,,,c409ee930c1e51d9
1970-02-10,14,,,c409ee930c1e51d9
1970-02-10,171,,,c409ee930c1e51d9
1970-02-10,94,,,c409ee930c1e51d9
1970-02-10,136,,,c409ee930c1e51d9
1970-02-10,1942,,,c409ee930c1e51d9
1970-02-10,237,,,f65e0d95471c9549
1970-02-10,1784,,,3a51ddb3db340627
1970-02-10,0,,,c409ee930c1e51d9
1970-02-10,0,,,f65e0d95471c9549
1970-02-10,56,,,c409ee930c1e51d9
1970-02-10,114,,,f65e0d95471c9549
1970-02-10,15,,,f65e0d95471c9549
1970-02-10,56,,,f65e0d95471c9549
1970-02-10,46,,,c409ee930c1e51d9
1970-02-10,168,,,f65e0d95471c9549
1970-02-10,1801,,,c409ee930c1e51d9
1970-02-10,9,,,f65e0d95471c9549
1970-02-10,2083,,,3a51ddb3db340627
1970-02-10,40,,,f65e0d95471c9549
1970-02-10,54,,,3a51ddb3db340627
1970-02-10,1777,,,c409ee930c1e51d9
1970-02-10,14,,,c409ee930c1e51d9
1970-02-10,2,,,c409ee930c1e51d9
1970-02-10,1926,,,3a51ddb3db340627
1970-02-10,119,,,3a51ddb3db340627
1970-02-10,14,,,f65e0d95471c9549
1970-02-10,2075,,,c409ee930c1e51d9
1970-02-10,116,,,c409ee930c1e51d9
1970-02-10,126,,,3a51ddb3db340627
1970-02-10,31,,,c409ee930c1e51d9
1970-02-10,8,,,f65e0d95471c9549
1970-02-10,2,,,f65e0d95471c9549
1970-02-10,83,,,c409ee930c1e51d9
1970-02-10,15,,,c409ee930c1e51d9
1970-02-10,51,,,f65e0d95471c9549
1970-02-10,0,,,3a51ddb3db340627
1970-02-10,1951,,,c409ee930c1e51d9
1970-02-10,6,,,c409ee930c1e51d9
1970-02-10,14,,,c409ee930c1e51d9
1970-02-10,129,,,f65e0d95471c9549
1970-02-10,1743,,,3a51ddb3db340627
1970-02-10,19,,,f65e0d95471c9549
1970-02-10,1670,,,3a51ddb3db340627
1970-02-10,59,,,c409ee930c1e51d9
1970-02-10,1870,,,3a51ddb3db340627
1970-02-10,1691,,,c409ee930c1e51d9
1970-02-10,15,,,3a51ddb3db340627
1970-02-10,198,,,c409ee930c1e51d9
1970-02-10,11,,,c409ee930c1e51d9
1970-02-10,15,,,f65e0d95471c9549
1970-02-10,166,,,c409ee930c1e51d9
1970-02-10,205,,,f65e0d95471c9549
1970-02-10,54,,,c409ee930c1e51d9
1970-02-10,170,,,f65e0d95471c9549
1970-02-10,6,,,f65e0d95471c9549
1970-02-10,161,,,c409ee930c1e51d9
1970-02-10,10,,,f65e0d95471c9549
1970-02-10,1754,,,c409ee930c1e51d9
1970-02-10,2102,,,c409ee930c1e51d9
1970-02-10,32,,,3a51ddb3db340627
1970-02-10,92,,,f65e0d95471c9549
1970-02-10,0,,,f65e0d95471c9549
1970-02-10,0,,,c409ee930c1e51d9
1970-02-10,6,,,c409ee930c1e51d9
1970-02-10,94,,,f65e0d95471c9549
1970-02-10,2364,,,c409ee930c1e51d9
1970-02-10,141,,,c409ee930c1e51d9
1970-02-10,95,,,c409ee930c1e51d9
1970-02-10,176,,,c409ee930c1e51d9
1970-02-10,5,,,f65e0d95471c9549
1970-02-10,81,,,3a51ddb3db340627
1970-02-10,0,,,f65e0d95471c9549
1970-02-10,1,,,3a51ddb3db340627
1970-02-10,189,,,c409ee930c1e51d9
1970-02-10,0,,,c409ee930c1e51d9
1970-02-10,127,,,c409ee930c1e51d9
1970-02-10,202,,,c409ee930c1e51d9
1970-02-10,1832,,,3a51ddb3db340627
1970-02-10,51,,,3a51ddb3db340627
1970-02-10,132,,,f65e0d95471c9549
1970-02-10,109,,,3a51ddb3db340627
1970-02-10,1,,,f65e0d95471c9549
1970-02-10,82,,,3a51ddb3db340627
1970-02-10,1721,,,3a51ddb3db340627
1970-02-10,29,,,c409ee930c1e51d9
1970-02-10,161,,,f65e0d95471c9549
1970-02-10,16,,,3a51ddb3db340627
1970-02-10,112,,,f65e0d95471c9549
1970-02-10,6,,,c409ee930c1e51d9
1970-02-10,0,,,c409ee930c1e51d9
1970-02-10,143,,,f65e0d95471c9549
1970-02-10,140,,,f65e0d95471c9549
1970-02-10,11,,,f65e0d95471c9549
1970-02-10,6,,,f65e0d95471c9549
1970-02-10,0,,,f65e0d95471c9549
1970-02-10,29,,,f65e0d95471c9549
1970-02-10,0,,,f65e0d95471c9549
1970-02-10,136,,,f65e0d95471c9549
1970-02-10,164,,,f65e0d95471c9549
1970-02-10,48,,,f65e0d95471c9549
1970-02-10,12,,,f65e0d95471c9549
1970-02-10,0,,,c409ee930c1e51d9
1970-02-10,6,,,f65e0d95471c9549
1970-02-10,2017,,,3a51ddb3db340627
1970-02-10,0,,,f65e0d95471c9549
1970-02-10,73,,,f65e0d95471c9549
1970-02-10,2,,,f65e0d95471c9549
1970-02-10,0,,,f65e0d95471c9549
1970-02-10,0,,,c409ee930c1e51d9
1970-02-10,6,,,c409ee930c1e51d9
1970-02-10,161,,,f65e0d95471c9549
1970-02-10,0,,,c409ee930c1e51d9
1970-02-10,8,,,c409ee930c1e51d9
1970-02-10,2,,,c409ee930c1e51d9
1970-02-10,100,,,f65e0d95471c9549
1970-02-10,10,,,c409ee930c1e51d9
1970-02-10,8,,,f65e0d95471c9549
1970-02-10,43,,,f65e0d95471c9549
1970-02-10,1875,,,3a51ddb3db340627
1970-02-10,119,,,c409ee930c1e51d9
1970-02-10,144,,,c409ee930c1e51d9
1970-02-10,5,,,f65e0d95471c9549
1970-02-10,69,,,c409ee930c1e51d9
1970-02-10,1831,,,c409ee930c1e51d9
1970-02-10,1810,,,3a51ddb3db340627
1970-02-10,1804,,,3a51ddb3db340627
1970-02-10,281,,,3a51ddb3db340627
1970-02-10,131,,,3a51ddb3db340627
1970-02-10,1,,,3a51ddb3db340627
1970-02-10,65,,,f65e0d95471c9549
1970-02-10,263,,,c409ee930c1e51d9
1970-02-10,0,,,3a51ddb3db340627
1970-02-10,48,,,3a51ddb3db340627
1970-02-10,1891,,,c409ee930c1e51d9
1970-02-10,41,,,3a51ddb3db340627
1970-02-10,38,,,f65e0d95471c9549
1970-02-10,18,,,f65e0d95471c9549
1970-02-10,71,,,c409ee930c1e51d9
1970-02-10,9,,,3a51ddb3db340627
1970-02-10,116,,,c409ee930c1e51d9
1970-02-10,31,,,3a51ddb3db340627
1970-02-10,1868,,,c409ee930c1e51d9
1970-02-10,0,,,3a51ddb3db340627
1970-02-10,101,,,f65e0d95471c9549
1970-02-10,0,,,3a51ddb3db340627
1970-02-10,130,,,c409ee930c1e51d9
1970-02-10,11,,,f65e0d95471c9549
1970-02-10,232,,,c409ee930c1e51d9
1970-02-10,1995,,,3a51ddb3db340627
1970-02-10,53,,,c409ee930c1e51d9
1970-02-10,80,,,c409ee930c1e51d9
1970-02-10,53,,,f65e0d95471c9549
1970-02-10,76,,,f65e0d95471c9549
1970-02-10,0,,,f65e0d95471c9549
1970-02-10,64,,,3a51ddb3db340627
1970-02-10,0,,,c409ee930c1e51d9
1970-02-10,119,,,c409ee930c1e51d9
1970-02-10,1847,,,c409ee930c1e51d9
1970-02-10,0,,,f65e0d95471c9549
1970-02-10,0,,,f65e0d95471c9549
1970-02-10,664,,,f65e0d95471c9549
1970-02-10,140,,,3a51ddb3db340627
1970-02-10,0,,,c409ee930c1e51d9
1970-02-10,51,,,c409ee930c1e51d9
1970-02-10,6,,,c409ee930c1e51d9
1970-02-10,0,,,c409ee930c1e51d9
1970-02-10,0,,,3a51ddb3db340627
1970-02-10,129,,,3a51ddb3db340627
1970-02-10,10,,,3a51ddb3db340627
1970-02-10,170,,,3a51ddb3db340627
1970-02-10,119,,,3a51ddb3db340627
1970-02-10,41,,,f65e0d95471c9549
1970-02-10,664,,,c409ee930c1e51d9
1970-02-10,6,,,f65e0d95471c9549
1970-02-10,51,,,f65e0d95471c9549
1970-02-10,2,,,3a51ddb3db340627
1970-02-10,19,,,f65e0d95471c9549
1970-02-10,169,,,c409ee930c1e51d9
1970-02-10,2,,,f65e0d95471c9549
1970-02-10,1790,,,c409ee930c1e51d9
1970-02-10,2,,,c409ee930c1e51d9
1970-02-10,58,,,f65e0d95471c9549
1970-02-10,6,,,c409ee930c1e51d9
1970-02-10,162,,,c409ee930c1e51d9
1970-02-10,32,,,f65e0d95471c9549
1970-02-10,22,,,c409ee930c1e51d9
1970-02-10,64,,,3a51ddb3db340627
1970-02-10,14,,,c409ee930c1e51d9
1970-02-10,44,,,c409ee930c1e51d9
1970-02-10,6,,,f65e0d95471c9549
1970-02-10,42,,,f65e0d95471c9549
1970-02-10,1984,,,c409ee930c1e51d9
1970-02-10,15,,,c409ee930c1e51d9
1970-02-10,21,,,c409ee930c1e51d9
1970-02-10,99,,,f65e0d95471c9549
1970-02-10,29,,,3a51ddb3db340627
1970-02-10,54,,,f65e0d95471c9549
1970-02-10,3,,,f65e0d95471c9549
1970-02-10,84,,,3a51ddb3db340627
1970-02-10,31,,,f65e0d95471c9549
1970-02-10,10,,,f65e0d95471c9549
1970-02-10,40,,,3a51ddb3db340627
1970-02-10,35,,,c409ee930c1e51d9
1970-02-10,10,,,c409ee930c1e51d9
1970-02-10,50,,,f65e0d95471c9549
1970-02-10,10,,,3a51ddb3db340627
1970-02-10,8,,,f65e0d95471c9549
1970-02-10,131,,,3a51ddb3db340627
1970-02-10,30,,,3a51ddb3db340627
1970-02-10,12,,,c409ee930c1e51d9
1970-02-10,1921,,,c409ee930c1e51d9
1970-02-10,5,,,3a51ddb3db340627
1970-02-10,201,,,f65e0d95471c9549
1970-02-10,0,,,f65e0d95471c9549
1970-02-10,16,,,f65e0d95471c9549
1970-02-10,6,,,3a51ddb3db340627
1970-02-10,13,,,f65e0d95471c9549
1970-02-10,30,,,f65e0d95471c9549
1970-02-10,101,,,c409ee930c1e51d9
1970-02-10,0,,,c409ee930c1e51d9
1970-02-10,24,,,f65e0d95471c9549
1970-02-10,11,,,f65e0d95471c9549
1970-02-10,26,,,f65e0d95471c9549
1970-02-10,40,,,f65e0d95471c9549
1970-02-10,17,,,f65e0d95471c9549
1970-02-10,38,,,c409ee930c1e51d9
1970-02-10,19,,,c409ee930c1e51d9
1970-02-10,1885,,,c409ee930c1e51d9
1970-02-10,71,,,f65e0d95471c9549
1970-02-10,0,,,f65e0d95471c9549
1970-02-10,3,,,f65e0d95471c9549
1970-02-10,0,,,f65e0d95471c9549
1970-02-10,14,,,3a51ddb3db340627
1970-02-10,171,,,3a51ddb3db340627
1970-02-10,1923,,,3a51ddb3db340627
1970-02-10,0,,,3a51ddb3db340627
1970-02-10,14,,,c409ee930c1e51d9
1970-02-10,0,,,c409ee930c1e51d9
1970-02-10,205,,,c409ee930c1e51d9
1970-02-10,10,,,3a51ddb3db340627
1970-02-10,204,,,3a51ddb3db340627
1970-02-10,0,,,f65e0d95471c9549
1970-02-10,129,,,f65e0d95471c9549
1970-02-10,71,,,3a51ddb3db340627
1970-02-10,15,,,c409ee930c1e51d9
1970-02-10,1956,,,3a51ddb3db340627
1970-02-10,110,,,c409ee930c1e51d9
1970-02-10,1,,,3a51ddb3db340627
1970-02-10,109,,,f65e0d95471c9549
1970-02-10,132,,,f65e0d95471c9549
1970-02-10,118,,,3a51ddb3db340627
1970-02-10,0,,,c409ee930c1e51d9
1970-02-10,178,,,f65e0d95471c9549
1970-02-10,388,,,f65e0d95471c9549
1970-02-10,64,,,c409ee930c1e51d9
1970-02-10,1,,,f65e0d95471c9549
1970-02-10,199,,,3a51ddb3db340627
1970-02-10,18,,,f65e0d95471c9549
1970-02-10,38,,,f65e0d95471c9549
1970-02-10,145,,,3a51ddb3db340627
1970-02-10,270,,,c409ee930c1e51d9
1970-02-10,153,,,f65e0d95471c9549
1970-02-10,389,,,c409ee930c1e51d9
1970-02-10,0,,,c409ee930c1e51d9
1970-02-10,223,,,3a51ddb3db340627
1970-02-10,0,,,3a51ddb3db340627
1970-02-10,364,,,c409ee930c1e51d9
1970-02-10,310,,,f65e0d95471c9549
1970-02-10,271,,,3a51ddb3db340627
1970-02-10,236,,,f65e0d95471c9549
1970-02-10,53,,,f65e0d95471c9549
1970-02-10,316,,,c409ee930c1e51d9
1970-02-10,0,,,f65e0d95471c9549
1970-02-10,3142,,,3a51ddb3db340627
1970-02-10,3171,,,c409ee930c1e51d9
1970-02-10,53,,,c409ee930c1e51d9
1970-02-10,56,,,3a51ddb3db340627
1970-02-10,50,,,f65e0d95471c9549
1970-02-10,115,,,f65e0d95471c9549
1970-02-10,118,,,f65e0d95471c9549
1970-02-10,3101,,,c409ee930c1e51d9
1970-02-10,110,,,c409ee930c1e51d9
1970-02-10,226,,,3a51ddb3db340627
1970-02-10,3159,,,3a51ddb3db340627
1970-02-10,50,,,3a51ddb3db340627
1970-02-10,8,,,3a51ddb3db340627
1970-02-10,2,,,3a51ddb3db340627
1970-02-10,209,,,c409ee930c1e51d9
1970-02-10,99,,,f65e0d95471c9549
1970-02-10,41,,,f65e0d95471c9549
1970-02-10,23,,,f65e0d95471c9549
1970-02-10,26,,,f65e0d95471c9549
1970-02-10,32,,,c409ee930c1e51d9
1970-02-10,5,,,c409ee930c1e51d9
1970-02-10,161,,,f65e0d95471c9549
1970-02-10,32,,,f65e0d95471c9549
1970-02-10,9,,,f65e0d95471c9549
1970-02-10,9,,,f65e0d95471c9549
1970-02-10,43,,,3a51ddb3db340627
1970-02-10,64,,,c409ee930c1e51d9
1970-02-10,111,,,c409ee930c1e51d9
1970-02-10,64,,,f65e0d95471c9549
1970-02-10,11,,,3a51ddb3db340627
1970-02-10,75,,,f65e0d95471c9549
1970-02-10,0,,,f65e0d95471c9549
1970-02-10,75,,,f65e0d95471c9549
1970-02-10,14,,,3a51ddb3db340627
1970-02-10,4,,,f65e0d95471c9549
1970-02-10,200,,,c409ee930c1e51d9
1970-02-10,1,,,c409ee930c1e51d9
1970-02-10,120,,,f65e0d95471c9549
1970-02-10,0,,,3a51ddb3db340627
1970-02-10,12,,,c409ee930c1e51d9
1970-02-10,0,,,c409ee930c1e51d9
1970-02-10,14,,,f65e0d95471c9549
1970-02-10,83,,,c409ee930c1e51d9
1970-02-10,275,,,c409ee930c1e51d9
1970-02-10,25,,,c409ee930c1e51d9
1970-02-10,248,,,3a51ddb3db340627
1970-02-10,0,,,c409ee930c1e51d9
1970-02-10,0,,,c409ee930c1e51d9
1970-02-10,31,,,c409ee930c1e51d9
1970-02-10,24,,,c409ee930c1e51d9
1970-02-10,97,,,c409ee930c1e51d9
1970-02-10,75,,,c409ee930c1e51d9
1970-02-10,14,,,c409ee930c1e51d9
1970-02-10,26,,,c409ee930c1e51d9
1970-02-10,14,,,f65e0d95471c9549
1970-02-10,3,,,f65e0d95471c9549
1970-02-10,27,,,c409ee930c1e51d9
1970-02-10,30,,,c409ee930c1e51d9
1970-02-10,58,,,c409ee930c1e51d9
1970-02-10,30,,,f65e0d95471c9549
1970-02-10,23,,,c409ee930c1e51d9
1970-02-10,14,,,c409ee930c1e51d9
1970-02-10,2,,,f65e0d95471c9549
1970-02-10,24,,,f65e0d95471c9549
1970-02-10,14,,,f65e0d95471c9549
1970-02-10,2,,,c409ee930c1e51d9
1970-02-10,33,,,f65e0d95471c9549
1970-02-10,58,,,f65e0d95471c9549
1970-02-10,31,,,f65e0d95471c9549
1970-02-10,1,,,f65e0d95471c9549
1970-02-10,80,,,f65e0d95471c9549
1970-02-10,0,,,f65e0d95471c9549
1970-02-10,4,,,f65e0d95471c9549
1970-02-10,24,,,f65e0d95471c9549
1970-02-10,4,,,c409ee930c1e51d9
1970-02-10,3,,,3a51ddb3db340627
1970-02-10,4,,,3a51ddb3db340627
1970-02-10,0,,,f65e0d95471c9549
1970-02-10,0,,,3a51ddb3db340627
1970-02-10,110,,,f65e0d95471c9549
1970-02-10,113,,,3a51ddb3db340627
1970-02-10,186,,,c409ee930c1e51d9
1970-02-10,76,,,3a51ddb3db340627
1970-02-10,31,,,f65e0d95471c9549
1970-02-10,0,,,3a51ddb3db340627
1970-02-10,30,,,f65e0d95471c9549
1970-02-10,125,,,c409ee930c1e51d9
1970-02-10,187,,,3a51ddb3db340627
1970-02-10,2,,,f65e0d95471c9549
1970-02-10,16,,,f65e0d95471c9549
1970-02-10,189,,,c409ee930c1e51d9
1970-02-10,0,,,f65e0d95471c9549
1970-02-10,0,,,c409ee930c1e51d9
1970-02-10,23,,,c409ee930c1e51d9
1970-02-10,118,,,3a51ddb3db340627
1970-02-10,4,,,f65e0d95471c9549
1970-02-10,172,,,c409ee930c1e51d9
1970-02-10,8,,,c409ee930c1e51d9
1970-02-10,190,,,f65e0d95471c9549
1970-02-10,122,,,c409ee930c1e51d9
1970-02-10,79,,,3a51ddb3db340627
1970-02-10,31,,,3a51ddb3db340627
1970-02-10,14,,,f65e0d95471c9549
1970-02-10,47,,,c409ee930c1e51d9
1970-02-10,1,,,c409ee930c1e51d9
1970-02-10,14,,,c409ee930c1e51d9
1970-02-10,8,,,f65e0d95471c9549
1970-02-10,47,,,f65e0d95471c9549
1970-02-10,4,,,3a51ddb3db340627
1970-02-10,3,,,3a51ddb3db340627
1970-02-10,167,,,f65e0d95471c9549
1970-02-10,73,,,c409ee930c1e51d9
1970-02-10,82,,,f65e0d95471c9549
1970-02-10,52,,,c409ee930c1e51d9
1970-02-10,5,,,c409ee930c1e51d9
1970-02-10,634,,,f65e0d95471c9549
1970-02-10,0,,,f65e0d95471c9549
1970-02-10,184,,,c409ee930c1e51d9
1970-02-10,195,,,f65e0d95471c9549
1970-02-10,67,,,f65e0d95471c9549
1970-02-10,305,,,f65e0d95471c9549
1970-02-10,21,,,f65e0d95471c9549
1970-02-10,0,,,3a51ddb3db340627
1970-02-10,52,,,f65e0d95471c9549
1970-02-10,0,,,f65e0d95471c9549
1970-02-10,0,,,3a51ddb3db340627
1970-02-10,0,,,f65e0d95471c9549
1970-02-10,67,,,c409ee930c1e51d9
1970-02-10,155,,,f65e0d95471c9549
1970-02-10,189,,,c409ee930c1e51d9
1970-02-10,171,,,f65e0d95471c9549
1970-02-10,0,,,c409ee930c1e51d9
1970-02-10,91,,,f65e0d95471c9549
1970-02-10,1605,,,c409ee930c1e51d9
1970-02-10,0,,,c409ee930c1e51d9
1970-02-10,0,,,c409ee930c1e51d9
1970-02-10,36,,,f65e0d95471c9549
1970-02-10,23,,,c409ee930c1e51d9
1970-02-10,219,,,c409ee930c1e51d9
1970-02-10,11,,,f65e0d95471c9549
1970-02-10,13,,,3a51ddb3db340627
1970-02-10,0,,,f65e0d95471c9549
1970-02-10,49,,,3a51ddb3db340627
1970-02-10,93,,,3a51ddb3db340627
1970-02-10,10,,,3a51ddb3db340627
1970-02-10,73,,,f65e0d95471c9549
1970-02-10,144,,,f65e0d95471c9549
1970-02-10,1,,,c409ee930c1e51d9
1970-02-10,660,,,f65e0d95471c9549
1970-02-10,126,,,f65e0d95471c9549
1970-02-10,0,,,c409ee930c1e51d9
1970-02-10,46,,,f65e0d95471c9549
1970-02-10,176,,,f65e0d95471c9549
1970-02-10,0,,,c409ee930c1e51d9
1970-02-10,118,,,3a51ddb3db340627
1970-02-10,21,,,c409ee930c1e51d9
1970-02-10,0,,,c409ee930c1e51d9
1970-02-10,109,,,3a51ddb3db340627
1970-02-10,273,,,c409ee930c1e51d9
1970-02-10,160,,,c409ee930c1e51d9
1970-02-10,134,,,c409ee930c1e51d9
1970-02-10,0,,,f65e0d95471c9549
1970-02-10,198,,,f65e0d95471c9549
1970-02-10,5,,,c409ee930c1e51d9
1970-02-10,79,,,f65e0d95471c9549
1970-02-10,76,,,c409ee930c1e51d9
1970-02-10,118,,,3a51ddb3db340627
1970-02-10,357,,,3a51ddb3db340627
1970-02-10,0,,,f65e0d95471c9549
1970-02-10,72,,,3a51ddb3db340627
1970-02-10,0,,,f65e0d95471c9549
1970-02-10,1498,,,3a51ddb3db340627
1970-02-10,78,,,c409ee930c1e51d9
1970-02-10,0,,,3a51ddb3db340627
1970-02-10,5,,,3a51ddb3db340627
1970-02-10,637,,,c409ee930c1e51d9
1970-02-10,0,,,3a51ddb3db340627
1970-02-10,159,,,c409ee930c1e51d9
1970-02-10,26,,,c409ee930c1e51d9
1970-02-10,51,,,c409ee930c1e51d9
1970-02-10,135,,,c409ee930c1e51d9
1970-02-10,2155,,,3a51ddb3db340627
1970-02-10,127,,,f65e0d95471c9549
1970-02-10,0,,,c409ee930c1e51d9
1970-02-10,9,,,c409ee930c1e51d9
1970-02-10,202,,,f65e0d95471c9549
1970-02-10,98,,,c409ee930c1e51d9
1970-02-10,40,,,3a51ddb3db340627
1970-02-10,96,,,f65e0d95471c9549
1970-02-10,51,,,f65e0d95471c9549
1970-02-10,5,,,3a51ddb3db340627
1970-02-10,9,,,f65e0d95471c9549
1970-02-10,103,,,f65e0d95471c9549
1970-02-10,51,,,3a51ddb3db340627
1970-02-10,195,,,f65e0d95471c9549
1970-02-10,48,,,3a51ddb3db340627
1970-02-10,138,,,3a51ddb3db340627
1970-02-10,0,,,f65e0d95471c9549
1970-02-10,35,,,f65e0d95471c9549
1970-02-10,103,,,c409ee930c1e51d9
1970-02-10,0,,,3a51ddb3db340627
1970-02-10,192,,,c409ee930c1e51d9
1970-02-10,54,,,c409ee930c1e51d9
1970-02-10,20,,,c409ee930c1e51d9
1970-02-10,32,,,c409ee930c1e51d9
1970-02-10,9,,,c409ee930c1e51d9
1970-02-10,42,,,c409ee930c1e51d9
1970-02-10,32,,,f65e0d95471c9549
1970-02-10,178,,,f65e0d95471c9549
1970-02-10,9,,,c409ee930c1e51d9
1970-02-10,21,,,3a51ddb3db340627
1970-02-10,2226,,,c409ee930c1e51d9
1970-02-10,26,,,f65e0d95471c9549
1970-02-10,42,,,3a51ddb3db340627
1970-02-10,5,,,f65e0d95471c9549
1970-02-10,114,,,c409ee930c1e51d9
1970-02-10,19,,,3a51ddb3db340627
1970-02-10,46,,,f65e0d95471c9549
1970-02-10,125,,,c409ee930c1e51d9
1970-02-10,131,,,3a51ddb3db340627
1970-02-10,6,,,c409ee930c1e51d9
1970-02-10,29,,,c409ee930c1e51d9
1970-02-10,32,,,3a51ddb3db340627
1970-02-10,22,,,c409ee930c1e51d9
1970-02-10,28,,,f65e0d95471c9549
1970-02-10,130,,,f65e0d95471c9549
1970-02-10,3,,,3a51ddb3db340627
1970-02-10,2,,,3a51ddb3db340627
1970-02-10,11,,,f65e0d95471c9549
1970-02-10,6,,,f65e0d95471c9549
1970-02-10,0,,,3a51ddb3db340627
1970-02-10,0,,,c409ee930c1e51d9
1970-02-10,33,,,3a51ddb3db340627
1970-02-10,187,,,f65e0d95471c9549
1970-02-10,145,,,c409ee930c1e51d9
1970-02-10,0,,,f65e0d95471c9549
1970-02-10,117,,,3a51ddb3db340627
1970-02-10,67,,,3a51ddb3db340627
1970-02-10,121,,,3a51ddb3db340627
1970-02-10,202,,,c409ee930c1e51d9
1970-02-10,235,,,3a51ddb3db340627
1970-02-10,11,,,c409ee930c1e51d9
1970-02-10,99,,,c409ee930c1e51d9
1970-02-10,1710,,,3a51ddb3db340627
1970-02-10,265,,,f65e0d95471c9549
1970-02-10,13,,,c409ee930c1e51d9
1970-02-10,224,,,c409ee930c1e51d9
1970-02-10,252,,,c409ee930c1e51d9
1970-02-10,149,,,c409ee930c1e51d9
1970-02-10,130,,,f65e0d95471c9549
1970-02-10,169,,,f65e0d95471c9549
1970-02-10,199,,,f65e0d95471c9549
1970-02-10,134,,,f65e0d95471c9549
1970-02-10,37,,,3a51ddb3db340627
1970-02-10,0,,,3a51ddb3db340627
1970-02-10,6,,,f65e0d95471c9549
1970-02-10,1797,,,3a51ddb3db340627
1970-02-10,44,,,3a51ddb3db340627
1970-02-10,203,,,c409ee930c1e51d9
1970-02-10,6,,,c409ee930c1e51d9
1970-02-10,167,,,3a51ddb3db340627
1970-02-10,426,,,c409ee930c1e51d9
1970-02-10,164,,,c409ee930c1e51d9
1970-02-10,17,,,3a51ddb3db340627
1970-02-10,251,,,f65e0d95471c9549
1970-02-10,160,,,f65e0d95471c9549
1970-02-10,11,,,c409ee930c1e51d9
1970-02-10,0,,,f65e0d95471c9549
1970-02-10,202,,,f65e0d95471c9549
1970-02-10,1854,,,3a51ddb3db340627
1970-02-10,152,,,3a51ddb3db340627
1970-02-10,11,,,f65e0d95471c9549
1970-02-10,296,,,f65e0d95471c9549
1970-02-10,270,,,c409ee930c1e51d9
1970-02-10,203,,,c409ee930c1e51d9
1970-02-10,219,,,3a51ddb3db340627
1970-02-10,2031,,,c409ee930c1e51d9
1970-02-10,162,,,3a51ddb3db340627
1970-02-10,251,,,c409ee930c1e51d9
1970-02-10,0,,,c409ee930c1e51d9
1970-02-10,0,,,c409ee930c1e51d9
1970-02-10,1923,,,c409ee930c1e51d9
1970-02-10,184,,,c409ee930c1e51d9
1970-02-10,0,,,f65e0d95471c9549
1970-02-10,8,,,c409ee930c1e51d9
1970-02-10,257,,,c409ee930c1e51d9
1970-02-10,26,,,f65e0d95471c9549
1970-02-10,239,,,f65e0d95471c9549
1970-02-10,121,,,c409ee930c1e51d9
1970-02-10,495,,,c409ee930c1e51d9
1970-02-10,154,,,f65e0d95471c9549
1970-02-10,41,,,f65e0d95471c9549
1970-02-10,0,,,f65e0d95471c9549
1970-02-10,464,,,f65e0d95471c9549
1970-02-10,0,,,c409ee930c1e51d9
1970-02-10,1920,,,3a51ddb3db340627
1970-02-10,152,,,3a51ddb3db340627
1970-02-10,56,,,f65e0d95471c9549
1970-02-10,85,,,c409ee930c1e51d9
1970-02-10,406,,,f65e0d95471c9549
1970-02-10,112,,,3a51ddb3db340627
1970-02-10,0,,,c409ee930c1e51d9
1970-02-10,270,,,3a51ddb3db340627
1970-02-10,192,,,f65e0d95471c9549
1970-02-10,131,,,c409ee930c1e51d9
1970-02-10,80,,,3a51ddb3db340627
1970-02-10,247,,,f65e0d95471c9549
1970-02-10,218,,,3a51ddb3db340627
1970-02-10,1834,,,c409ee930c1e51d9
1970-02-10,173,,,c409ee930c1e51d9
1970-02-10,50,,,3a51ddb3db340627
1970-02-10,2062,,,c409ee930c1e51d9
1970-02-10,16,,,f65e0d95471c9549
1970-02-10,2814,,,c409ee930c1e51d9
1970-02-10,753,,,f65e0d95471c9549
1970-02-10,14,,,c409ee930c1e51d9
1970-02-10,1,,,f65e0d95471c9549
1970-02-10,9,,,f65e0d95471c9549
1970-02-10,12,,,c409ee930c1e51d9
1970-02-10,0,,,3a51ddb3db340627
1970-02-10,1,,,c409ee930c1e51d9
1970-02-10,52,,,3a51ddb3db340627
1970-02-10,0,,,c409ee930c1e51d9
1970-02-10,2155,,,3a51ddb3db340627
1970-02-10,90,,,f65e0d95471c9549
1970-02-10,3,,,3a51ddb3db340627
1970-02-10,16,,,c409ee930c1e51d9
1970-02-10,2009,,,3a51ddb3db340627
1970-02-10,0,,,f65e0d95471c9549
1970-02-10,94,,,c409ee930c1e51d9
1970-02-10,100,,,c409ee930c1e51d9
1970-02-10,246,,,f65e0d95471c9549
1970-02-10,19,,,f65e0d95471c9549
1970-02-10,10,,,3a51ddb3db340627
1970-02-10,151,,,c409ee930c1e51d9
1970-02-10,94,,,f65e0d95471c9549
1970-02-10,2157,,,c409ee930c1e51d9
1970-02-10,98,,,c409ee930c1e51d9
1970-02-10,0,,,f65e0d95471c9549
1970-02-10,136,,,f65e0d95471c9549
1970-02-10,130,,,f65e0d95471c9549
1970-02-10,14,,,f65e0d95471c9549
1970-02-10,2202,,,c409ee930c1e51d9
1970-02-10,0,,,c409ee930c1e51d9
1970-02-10,16,,,c409ee930c1e51d9
1970-02-10,0,,,c409ee930c1e51d9
1970-02-10,0,,,f65e0d95471c9549
1970-02-10,264,,,f65e0d95471c9549
1970-02-10,12,,,f65e0d95471c9549
1970-02-10,1966,,,3a51ddb3db340627
1970-02-10,1872,,,c409ee930c1e51d9
1970-02-10,176,,,3a51ddb3db340627
1970-02-10,27,,,f65e0d95471c9549
1970-02-10,280,,,f65e0d95471c9549
1970-02-10,228,,,f65e0d95471c9549
1970-02-10,59,,,3a51ddb3db340627
1970-02-10,300,,,f65e0d95471c9549
1970-02-10,1698,,,3a51ddb3db340627
1970-02-10,76,,,f65e0d95471c9549
1970-02-10,81,,,3a51ddb3db340627
1970-02-10,39,,,f65e0d95471c9549
1970-02-10,77,,,f65e0d95471c9549
1970-02-10,2265,,,c409ee930c1e51d9
1970-02-10,1988,,,c409ee930c1e51d9
1970-02-10,189,,,c409ee930c1e51d9
1970-02-10,42,,,c409ee930c1e51d9
1970-02-10,134,,,c409ee930c1e51d9
1970-02-10,0,,,3a51ddb3db340627
1970-02-10,0,,,c409ee930c1e51d9
1970-02-10,0,,,f65e0d95471c9549
1970-02-10,1968,,,3a51ddb3db340627
1970-02-10,21,,,3a51ddb3db340627
1970-02-10,166,,,3a51ddb3db340627
1970-02-10,57,,,c409ee930c1e51d9
1970-02-10,2078,,,3a51ddb3db340627
1970-02-10,27,,,f65e0d95471c9549
1970-02-10,120,,,3a51ddb3db340627
1970-02-10,0,,,f65e0d95471c9549
1970-02-10,14,,,c409ee930c1e51d9
1970-02-10,0,,,f65e0d95471c9549
1970-02-10,0,,,f65e0d95471c9549
1970-02-10,4,,,3a51ddb3db340627
1970-02-10,0,,,f65e0d95471c9549
1970-02-10,6,,,3a51ddb3db340627
1970-02-10,15,,,f65e0d95471c9549
1970-02-10,15,,,c409ee930c1e51d9
1970-02-10,0,,,f65e0d95471c9549
1970-02-10,8,,,f65e0d95471c9549
1970-02-10,29,,,3a51ddb3db340627
1970-02-10,136,,,3a51ddb3db340627
1970-02-10,30,,,c409ee930c1e51d9
1970-02-10,0,,,f65e0d95471c9549
1970-02-10,6,,,f65e0d95471c9549
1970-02-10,434,,,f65e0d95471c9549
1970-02-10,116,,,f65e0d95471c9549
1970-02-10,0,,,c409ee930c1e51d9
1970-02-10,116,,,c409ee930c1e51d9
1970-02-10,19,,,3a51ddb3db340627
1970-02-10,27,,,c409ee930c1e51d9
1970-02-10,14,,,3a51ddb3db340627
1970-02-10,2,,,3a51ddb3db340627
1970-02-10,25,,,f65e0d95471c9549
1970-02-10,0,,,3a51ddb3db340627
1970-02-10,49,,,f65e0d95471c9549
1970-02-10,27,,,c409ee930c1e51d9
1970-02-10,110,,,c409ee930c1e51d9
1970-02-10,26,,,f65e0d95471c9549
1970-02-10,53,,,3a51ddb3db340627
1970-02-10,0,,,c409ee930c1e51d9
1970-02-10,6,,,3a51ddb3db340627
1970-02-10,0,,,c409ee930c1e51d9
1970-02-10,10,,,f65e0d95471c9549
1970-02-10,53,,,3a51ddb3db340627
1970-02-10,11,,,c409ee930c1e51d9
1970-02-10,54,,,3a51ddb3db340627
1970-02-10,10,,,f65e0d95471c9549
1970-02-10,1,,,3a51ddb3db340627
1970-02-10,0,,,c409ee930c1e51d9
1970-02-10,10,,,c409ee930c1e51d9
1970-02-10,19,,,c409ee930c1e51d9
1970-02-10,0,,,f65e0d95471c9549
1970-02-10,16,,,f65e0d95471c9549
1970-02-10,0,,,f65e0d95471c9549
1970-02-10,13,,,f65e0d95471c9549
1970-02-10,19,,,3a51ddb3db340627
1970-02-10,32,,,c409ee930c1e51d9
1970-02-10,5,,,c409ee930c1e51d9
1970-02-10,0,,,c409ee930c1e51d9
1970-02-10,24,,,c409ee930c1e51d9
1970-02-10,1,,,f65e0d95471c9549
1970-02-10,0,,,c409ee930c1e51d9
1970-02-10,19,,,f65e0d95471c9549
1970-02-10,0,,,c409ee930c1e51d9
1970-02-10,9,,,c409ee930c1e51d9
1970-02-10,211,,,f65e0d95471c9549
1970-02-10,8,,,3a51ddb3db340627
1970-02-10,0,,,f65e0d95471c9549
1970-02-10,8,,,f65e0d95471c9549
1970-02-10,0,,,3a51ddb3db340627
1970-02-10,0,,,c409ee930c1e51d9
1970-02-10,0,,,f65e0d95471c9549
1970-02-10,214,,,c409ee930c1e51d9
1970-02-10,35,,,c409ee930c1e51d9
1970-02-10,41,,,f65e0d95471c9549
1970-02-10,50,,,f65e0d95471c9549
1970-02-10,5,,,3a51ddb3db340627
1970-02-10,48,,,c409ee930c1e51d9
1970-02-10,47,,,f65e0d95471c9549
1970-02-10,15,,,c409ee930c1e51d9
1970-02-10,79,,,3a51ddb3db340627
1970-02-10,165,,,c409ee930c1e51d9
1970-02-10,175,,,f65e0d95471c9549
1970-02-10,65,,,f65e0d95471c9549
1970-02-10,75,,,c409ee930c1e51d9
1970-02-10,10,,,f65e0d95471c9549
1970-02-10,30,,,f65e0d95471c9549
1970-02-10,48,,,f65e0d95471c9549
1970-02-10,10,,,3a51ddb3db340627
1970-02-10,65,,,c409ee930c1e51d9
1970-02-10,65,,,3a51ddb3db340627
1970-02-10,0,,,f65e0d95471c9549
1970-02-10,81,,,3a51ddb3db340627
1970-02-10,40,,,3a51ddb3db340627
1970-02-10,112,,,f65e0d95471c9549
1970-02-10,173,,,3a51ddb3db340627
1970-02-10,226,,,c409ee930c1e51d9
1970-02-10,0,,,f65e0d95471c9549
1970-02-10,0,,,c409ee930c1e51d9
1970-02-10,30,,,c409ee930c1e51d9
1970-02-10,8,,,f65e0d95471c9549
1970-02-10,171,,,c409ee930c1e51d9
1970-02-10,215,,,f65e0d95471c9549
1970-02-10,199,,,f65e0d95471c9549
1970-02-10,96,,,c409ee930c1e51d9
1970-02-10,106,,,c409ee930c1e51d9
1970-02-10,0,,,3a51ddb3db340627
1970-02-10,24,,,3a51ddb3db340627
1970-02-10,87,,,f65e0d95471c9549
1970-02-10,469,,,c409ee930c1e51d9
1970-02-10,5,,,f65e0d95471c9549
1970-02-10,49,,,c409ee930c1e51d9
1970-02-10,0,,,3a51ddb3db340627
1970-02-10,0,,,f65e0d95471c9549
1970-02-10,37,,,3a51ddb3db340627
1970-02-10,0,,,c409ee930c1e51d9
1970-02-10,0,,,3a51ddb3db340627
1970-02-10,15,,,f65e0d95471c9549
1970-02-10,25,,,3a51ddb3db340627
1970-02-10,6,,,c409ee930c1e51d9
1970-02-10,75,,,f65e0d95471c9549
1970-02-10,6,,,3a51ddb3db340627
1970-02-10,0,,,3a51ddb3db340627
1970-02-10,14,,,f65e0d95471c9549
1970-02-10,0,,,3a51ddb3db340627
1970-02-10,17,,,f65e0d95471c9549
1970-02-10,0,,,c409ee930c1e51d9
1970-02-10,65,,,c409ee930c1e51d9
1970-02-10,78,,,c409ee930c1e51d9
1970-02-10,41,,,c409ee930c1e51d9
1970-02-10,0,,,f65e0d95471c9549
1970-02-10,7,,,3a51ddb3db340627
1970-02-10,24,,,c409ee930c1e51d9
1970-02-10,5,,,c409ee930c1e51d9
1970-02-10,47,,,c409ee930c1e51d9
1970-02-10,54,,,3a51ddb3db340627
1970-02-10,43,,,f65e0d95471c9549
1970-02-10,25,,,f65e0d95471c9549
1970-02-10,5,,,3a51ddb3db340627
1970-02-10,0,,,f65e0d95471c9549
1970-02-10,2057,,,3a51ddb3db340627
1970-02-10,93,,,3a51ddb3db340627
1970-02-10,15,,,3a51ddb3db340627
1970-02-10,3,,,f65e0d95471c9549
1970-02-10,40,,,c409ee930c1e51d9
1970-02-10,149,,,f65e0d95471c9549
1970-02-10,229,,,c409ee930c1e51d9
1970-02-10,69,,,f65e0d95471c9549
1970-02-10,149,,,c409ee930c1e51d9
1970-02-10,1788,,,3a51ddb3db340627
1970-02-10,37,,,f65e0d95471c9549
1970-02-10,210,,,f65e0d95471c9549
1970-02-10,1906,,,c409ee930c1e51d9
1970-02-10,45,,,f65e0d95471c9549
1970-02-10,30,,,f65e0d95471c9549
1970-02-10,40,,,f65e0d95471c9549
1970-02-10,38,,,c409ee930c1e51d9
1970-02-10,55,,,3a51ddb3db340627
1970-02-10,0,,,3a51ddb3db340627
1970-02-10,170,,,c409ee930c1e51d9
1970-02-10,186,,,f65e0d95471c9549
1970-02-10,1933,,,c409ee930c1e51d9
1970-02-10,0,,,3a51ddb3db340627
1970-02-10,9,,,c409ee930c1e51d9
1970-02-10,0,,,c409ee930c1e51d9
1970-02-10,232,,,f65e0d95471c9549
1970-02-10,1876,,,3a51ddb3db340627
1970-02-10,72,,,f65e0d95471c9549
1970-02-10,0,,,f65e0d95471c9549
1970-02-10,47,,,3a51ddb3db340627
1970-02-10,9,,,f65e0d95471c9549
1970-02-10,2,,,f65e0d95471c9549
1970-02-10,19,,,3a51ddb3db340627
1970-02-10,72,,,c409ee930c1e51d9
1970-02-10,1867,,,c409ee930c1e51d9
1970-02-10,172,,,3a51ddb3db340627
1970-02-10,1808,,,c409ee930c1e51d9
1970-02-10,2000,,,c409ee930c1e51d9
1970-02-10,0,,,3a51ddb3db340627
1970-02-10,1949,,,c409ee930c1e51d9
1970-02-10,30,,,f65e0d95471c9549
1970-02-10,187,,,c409ee930c1e51d9
1970-02-10,132,,,c409ee930c1e51d9
1970-02-10,97,,,f65e0d95471c9549
1970-02-10,30,,,c409ee930c1e51d9
1970-02-10,72,,,f65e0d95471c9549
1970-02-10,0,,,f65e0d95471c9549
1970-02-10,1947,,,3a51ddb3db340627
1970-02-10,104,,,c409ee930c1e51d9
1970-02-10,90,,,f65e0d95471c9549
1970-02-10,152,,,f65e0d95471c9549
1970-02-10,10,,,3a51ddb3db340627
1970-02-10,97,,,3a51ddb3db340627
1970-02-10,0,,,3a51ddb3db340627
1970-02-10,97,,,3a51ddb3db340627
1970-02-10,187,,,f65e0d95471c9549
1970-02-10,132,,,3a51ddb3db340627
1970-02-10,233,,,3a51ddb3db340627
1970-02-10,0,,,3a51ddb3db340627
1970-02-10,1862,,,3a51ddb3db340627
1970-02-10,1809,,,3a51ddb3db340627
1970-02-10,159,,,f65e0d95471c9549
1970-02-10,0,,,f65e0d95471c9549
1970-02-10,296,,,f65e0d95471c9549
1970-02-10,60,,,3a51ddb3db340627
1970-02-10,30,,,3a51ddb3db340627
1970-02-10,2,,,c409ee930c1e51d9
1970-02-10,46,,,3a51ddb3db340627
1970-02-10,56,,,f65e0d95471c9549
1970-02-10,8,,,3a51ddb3db340627
1970-02-10,13,,,f65e0d95471c9549
1970-02-10,74,,,c409ee930c1e51d9
1970-02-10,58,,,f65e0d95471c9549
1970-02-10,1954,,,3a51ddb3db340627
1970-02-10,40,,,3a51ddb3db340627
1970-02-10,29,,,f65e0d95471c9549
1970-02-10,0,,,3a51ddb3db340627
1970-02-10,4,,,f65e0d95471c9549
1970-02-10,4,,,c409ee930c1e51d9
1970-02-10,45,,,3a51ddb3db340627
1970-02-10,13,,,c409ee930c1e51d9
1970-02-10,45,,,c409ee930c1e51d9
1970-02-10,0,,,3a51ddb3db340627
1970-02-10,17,,,f65e0d95471c9549
1970-02-10,0,,,f65e0d95471c9549
1970-02-10,69,,,f65e0d95471c9549
1970-02-10,69,,,c409ee930c1e51d9
1970-02-10,12,,,f65e0d95471c9549
1970-02-10,8,,,c409ee930c1e51d9
1970-02-10,1723,,,3a51ddb3db340627
1970-02-10,2011,,,c409ee930c1e51d9
1970-02-10,481,,,c409ee930c1e51d9
1970-02-10,1797,,,3a51ddb3db340627
1970-02-10,1730,,,c409ee930c1e51d9
1970-02-10,12,,,3a51ddb3db340627
1970-02-10,500,,,f65e0d95471c9549
1970-02-10,137,,,f65e0d95471c9549
1970-02-10,13,,,f65e0d95471c9549
1970-02-10,127,,,f65e0d95471c9549
1970-02-10,8,,,c409ee930c1e51d9
1970-02-10,29,,,c409ee930c1e51d9
1970-02-10,1989,,,c409ee930c1e51d9
1970-02-10,1989,,,3a51ddb3db340627
1970-02-10,20,,,f65e0d95471c9549
1970-02-10,187,,,f65e0d95471c9549
1970-02-10,2040,,,c409ee930c1e51d9
1970-02-10,32,,,c409ee930c1e51d9
1970-02-10,125,,,c409ee930c1e51d9
1970-02-10,0,,,f65e0d95471c9549
1970-02-10,0,,,c409ee930c1e51d9
1970-02-10,25,,,3a51ddb3db340627
1970-02-10,149,,,3a51ddb3db340627
1970-02-10,36,,,f65e0d95471c9549
1970-02-10,125,,,f65e0d95471c9549
1970-02-10,38,,,c409ee930c1e51d9
1970-02-10,1729,,,c409ee930c1e51d9
1970-02-10,0,,,c409ee930c1e51d9
1970-02-10,1678,,,3a51ddb3db340627
1970-02-10,17,,,3a51ddb3db340627
1970-02-10,61,,,f65e0d95471c9549
1970-02-10,1862,,,3a51ddb3db340627
1970-02-10,0,,,f65e0d95471c9549
1970-02-10,41,,,f65e0d95471c9549
1970-02-10,22,,,f65e0d95471c9549
1970-02-10,1920,,,3a51ddb3db340627
1970-02-10,1882,,,c409ee930c1e51d9
1970-02-10,112,,,3a51ddb3db340627
1970-02-10,123,,,c409ee930c1e51d9
1970-02-10,1923,,,c409ee930c1e51d9
1970-02-10,0,,,c409ee930c1e51d9
1970-02-10,0,,,3a51ddb3db340627
1970-02-10,22,,,c409ee930c1e51d9
1970-02-10,11,,,f65e0d95471c9549
1970-02-10,14,,,3a51ddb3db340627
1970-02-10,332,,,c409ee930c1e51d9
1970-02-10,237,,,c409ee930c1e51d9
1970-02-10,218,,,c409ee930c1e51d9
1970-02-10,1316,,,f65e0d95471c9549
1970-02-10,28,,,3a51ddb3db340627
1970-02-10,105,,,c409ee930c1e51d9
1970-02-10,224,,,f65e0d95471c9549
1970-02-10,108,,,f65e0d95471c9549
1970-02-10,42,,,f65e0d95471c9549
1970-02-10,145,,,f65e0d95471c9549
1970-02-10,389,,,f65e0d95471c9549
1970-02-10,520,,,f65e0d95471c9549
1970-02-10,122,,,c409ee930c1e51d9
1970-02-10,133,,,c409ee930c1e51d9
1970-02-10,2161,,,c409ee930c1e51d9
1970-02-10,1920,,,c409ee930c1e51d9
1970-02-10,221,,,c409ee930c1e51d9
1970-02-10,1908,,,c409ee930c1e51d9
1970-02-10,37,,,f65e0d95471c9549
1970-02-10,204,,,c409ee930c1e51d9
1970-02-10,1807,,,3a51ddb3db340627
1970-02-10,148,,,c409ee930c1e51d9
1970-02-10,0,,,3a51ddb3db340627
1970-02-10,1778,,,3a51ddb3db340627
1970-02-10,48,,,3a51ddb3db340627
1970-02-10,142,,,3a51ddb3db340627
1970-02-10,43,,,3a51ddb3db340627
1970-02-10,69,,,3a51ddb3db340627
1970-02-10,219,,,f65e0d95471c9549
1970-02-10,35,,,c409ee930c1e51d9
1970-02-10,150,,,f65e0d95471c9549
1970-02-10,1392,,,c409ee930c1e51d9
1970-02-10,1875,,,3a51ddb3db340627
1970-02-10,97,,,3a51ddb3db340627
1970-02-10,322,,,3a51ddb3db340627
1970-02-10,270,,,c409ee930c1e51d9
1970-02-10,10,,,f65e0d95471c9549
1970-02-10,242,,,f65e0d95471c9549
1970-02-10,42,,,3a51ddb3db340627
1970-02-10,2019,,,c409ee930c1e51d9
1970-02-10,1901,,,3a51ddb3db340627
1970-02-10,65,,,f65e0d95471c9549
1970-02-10,169,,,f65e0d95471c9549
1970-02-10,0,,,3a51ddb3db340627
1970-02-10,53,,,3a51ddb3db340627
1970-02-10,73,,,c409ee930c1e51d9
1970-02-10,0,,,c409ee930c1e51d9
1970-02-10,1959,,,3a51ddb3db340627
1970-02-10,2244,,,c409ee930c1e51d9
1970-02-10,164,,,3a51ddb3db340627
1970-02-10,230,,,f65e0d95471c9549
1970-02-10,2040,,,3a51ddb3db340627
1970-02-10,157,,,3a51ddb3db340627
1970-02-10,200,,,c409ee930c1e51d9
1970-02-10,51,,,f65e0d95471c9549
1970-02-10,6,,,f65e0d95471c9549
1970-02-10,184,,,f65e0d95471c9549
1970-02-10,46,,,c409ee930c1e51d9
1970-02-10,194,,,c409ee930c1e51d9
1970-02-10,72,,,3a51ddb3db340627
1970-02-10,234,,,f65e0d95471c9549
1970-02-10,215,,,f65e0d95471c9549
1970-02-10,141,,,3a51ddb3db340627
1970-02-10,268,,,c409ee930c1e51d9
1970-02-10,40,,,3a51ddb3db340627
1970-02-10,78,,,3a51ddb3db340627
1970-02-10,33,,,f65e0d95471c9549
1970-02-10,79,,,c409ee930c1e51d9
1970-02-10,288,,,c409ee930c1e51d9
1970-02-10,1889,,,3a51ddb3db340627
1970-02-10,165,,,3a51ddb3db340627
1970-02-10,44,,,f65e0d95471c9549
1970-02-10,0,,,3a51ddb3db340627
1970-02-10,0,,,c409ee930c1e51d9
1970-02-10,247,,,3a51ddb3db340627
1970-02-10,33,,,3a51ddb3db340627
1970-02-10,0,,,c409ee930c1e51d9
1970-02-10,2125,,,3a51ddb3db340627
1970-02-10,2210,,,c409ee930c1e51d9
1970-02-10,293,,,c409ee930c1e51d9
1970-02-10,77,,,c409ee930c1e51d9
1970-02-10,46,,,f65e0d95471c9549
1970-02-10,2136,,,c409ee930c1e51d9
1970-02-10,0,,,f65e0d95471c9549
1970-02-10,353,,,f65e0d95471c9549
1970-02-10,0,,,c409ee930c1e51d9
1970-02-10,0,,,f65e0d95471c9549
1970-02-10,0,,,f65e0d95471c9549
1970-02-10,8,,,f65e0d95471c9549
1970-02-10,158,,,f65e0d95471c9549
1970-02-10,1932,,,3a51ddb3db340627
1970-02-10,8,,,c409ee930c1e51d9
1970-02-10,372,,,f65e0d95471c9549
1970-02-10,108,,,3a51ddb3db340627
1970-02-10,3,,,c409ee930c1e51d9
1970-02-10,209,,,c409ee930c1e51d9
1970-02-10,1863,,,3a51ddb3db340627
1970-02-10,183,,,c409ee930c1e51d9
1970-02-10,2021,,,c409ee930c1e51d9
1970-02-10,1930,,,3a51ddb3db340627
1970-02-10,203,,,3a51ddb3db340627
1970-02-10,175,,,f65e0d95471c9549
1970-02-10,4,,,f65e0d95471c9549
1970-02-10,0,,,c409ee930c1e51d9
1970-02-10,308,,,c409ee930c1e51d9
1970-02-10,0,,,f65e0d95471c9549
1970-02-10,211,,,f65e0d95471c9549
1970-02-10,28,,,f65e0d95471c9549
1970-02-10,2058,,,c409ee930c1e51d9
1970-02-10,301,,,f65e0d95471c9549
1970-02-10,225,,,3a51ddb3db340627
1970-02-10,273,,,f65e0d95471c9549
1970-02-10,188,,,c409ee930c1e51d9
1970-02-10,247,,,c409ee930c1e51d9
1970-02-10,2252,,,c409ee930c1e51d9
1970-02-10,205,,,c409ee930c1e51d9
1970-02-10,2033,,,3a51ddb3db340627
1970-02-10,10,,,c409ee930c1e51d9
1970-02-10,15,,,c409ee930c1e51d9
1970-02-10,4,,,c409ee930c1e51d9
1970-02-10,69,,,3a51ddb3db340627
1970-02-10,1953,,,3a51ddb3db340627
1970-02-10,146,,,3a51ddb3db340627
1970-02-10,5,,,f65e0d95471c9549
1970-02-10,9,,,3a51ddb3db340627
1970-02-10,183,,,f65e0d95471c9549
1970-02-10,484,,,f65e0d95471c9549
1970-02-10,266,,,f65e0d95471c9549
1970-02-10,200,,,f65e0d95471c9549
1970-02-10,2156,,,c409ee930c1e51d9
1970-02-10,13,,,f65e0d95471c9549
1970-02-10,254,,,f65e0d95471c9549
1970-02-10,129,,,c409ee930c1e51d9
